timestamp_utc,market_id,gross_demand_mw,net_load_mw,wind_mw,solar_mw,market_scale_mw,da_lmp_usd_per_mwh,forecast_issue_time_utc,forecast_vintage_id,quality_ok,forecast_gross_h1_mw,forecast_gross_h2_mw,forecast_gross_h3_mw,forecast_net_h1_mw,forecast_net_h2_mw,forecast_net_h3_mw
2025-12-24T21:00:00Z,CAISO_NP15,25234.0,20897.0,1169.0,3168.0,32722.8,33.23141,2025-12-24T21:00:00Z,bundle-244f3561f2bfc55579fa3708,True,27707.250522867707,27905.823593162804,27324.327327809948,17009.103695688813,17636.507074705405,17641.258112297823
2025-12-24T21:00:00Z,ISONE_NEMA,15530.0,14956.0,482.0,92.0,17608.25,75.17,2025-12-24T21:00:00Z,bundle-6bcce6a2a39520bf77ef6095,True,15485.310177717896,15287.848360601376,15072.195725478328,14459.786316151269,14157.541758812997,14058.37676856496
2025-12-24T21:00:00Z,MISO_MINN_HUB,69312.0,60768.0,3457.0,5087.0,91510.75,34.45,2025-12-24T21:00:00Z,bundle-1061a745fe49e379ded5d066,True,73810.10652459862,72344.21611473795,71403.89927461876,61106.762006973135,62355.59419513693,63181.90179284964
2025-12-24T21:00:00Z,SPP_NORTH_HUB,31029.0,16778.0,13517.0,734.0,41569.45,25.2446,2025-12-24T21:00:00Z,bundle-a61cd5749060264e47ce9992,True,32506.6441913064,31899.64240842678,31216.072302894096,19422.572933346128,18802.12757512196,17092.145898995568
2025-12-24T22:00:00Z,CAISO_NP15,24834.0,20254.0,1192.0,3388.0,32722.8,34.52928,2025-12-24T22:00:00Z,bundle-244f3561f2bfc55579fa3708,True,27905.823593162804,27324.327327809948,26938.574585897422,17636.507074705405,17641.258112297823,18417.926533240425
2025-12-24T22:00:00Z,ISONE_NEMA,16345.0,15841.0,499.0,5.0,17608.25,107.99,2025-12-24T22:00:00Z,bundle-6bcce6a2a39520bf77ef6095,True,15287.848360601376,15072.195725478328,14993.467292031586,14157.541758812997,14058.37676856496,14135.458753573264
2025-12-24T22:00:00Z,MISO_MINN_HUB,69269.0,62209.0,3881.0,3179.0,91510.75,39.93,2025-12-24T22:00:00Z,bundle-1061a745fe49e379ded5d066,True,72344.21611473795,71403.89927461876,70803.09099237957,62355.59419513693,63181.90179284964,61542.47829148306
2025-12-24T22:00:00Z,SPP_NORTH_HUB,30941.0,16626.0,13722.0,593.0,41569.45,32.7568,2025-12-24T22:00:00Z,bundle-a61cd5749060264e47ce9992,True,31899.64240842678,31216.072302894096,30936.6845679682,18802.12757512196,17092.145898995568,15546.04646521098
2025-12-24T23:00:00Z,CAISO_NP15,24191.0,20865.0,1058.0,2268.0,32722.8,36.23315,2025-12-24T23:00:00Z,bundle-244f3561f2bfc55579fa3708,True,27324.327327809948,26938.574585897422,26580.52591972361,17641.258112297823,18417.926533240425,19979.454273528387
2025-12-24T23:00:00Z,ISONE_NEMA,16499.0,15948.0,550.0,1.0,17608.25,88.43,2025-12-24T23:00:00Z,bundle-6bcce6a2a39520bf77ef6095,True,15072.195725478328,14993.467292031586,15335.419374655328,14058.37676856496,14135.458753573264,14536.544740404026
2025-12-24T23:00:00Z,MISO_MINN_HUB,69943.0,65111.0,4156.0,676.0,91510.75,37.0,2025-12-24T23:00:00Z,bundle-1061a745fe49e379ded5d066,True,71403.89927461876,70803.09099237957,69354.35224707077,63181.90179284964,61542.47829148306,59211.09790051916
2025-12-24T23:00:00Z,SPP_NORTH_HUB,30925.0,16047.0,14578.0,300.0,41569.45,33.5528,2025-12-24T23:00:00Z,bundle-a61cd5749060264e47ce9992,True,31216.072302894096,30936.6845679682,30641.617959656687,17092.145898995568,15546.04646521098,14612.856150285845
2025-12-25T00:00:00Z,CAISO_NP15,24248.0,21775.0,1146.0,1327.0,32722.8,35.70782,2025-12-25T00:00:00Z,bundle-ee64c34259a00625ba6f318f,True,26938.574585897422,26580.52591972361,25881.18032555438,18417.926533240425,19979.454273528387,21442.151574658004
2025-12-25T00:00:00Z,ISONE_NEMA,16043.0,15489.0,553.0,1.0,17608.25,93.85,2025-12-25T00:00:00Z,bundle-e8e96217af2ab08bed0f7203,True,14993.467292031586,15335.419374655328,14993.607989534416,14135.458753573264,14536.544740404026,14100.499367991148
2025-12-25T00:00:00Z,MISO_MINN_HUB,70403.0,65129.0,5270.0,4.0,91510.75,33.83,2025-12-25T00:00:00Z,bundle-e39dc335870f197889660250,True,70803.09099237957,69354.35224707077,68496.90614076654,61542.47829148306,59211.09790051916,60304.10683264766
2025-12-25T00:00:00Z,SPP_NORTH_HUB,31347.0,14920.0,16407.0,20.0,41569.45,22.8212,2025-12-25T00:00:00Z,bundle-258f5d3a500da4b1b8dcf1f8,True,30936.6845679682,30641.617959656687,30271.994113165,15546.04646521098,14612.856150285845,13386.081689315466
2025-12-25T01:00:00Z,CAISO_NP15,25178.0,23350.0,1544.0,284.0,32722.8,35.5527,2025-12-25T01:00:00Z,bundle-a821f8ad85ceeda85c26cd13,True,26580.52591972361,25881.18032555438,25434.393961586706,19979.454273528387,21442.151574658004,22839.75859538864
2025-12-25T01:00:00Z,ISONE_NEMA,15710.0,15200.0,510.0,0.0,17608.25,110.36,2025-12-25T01:00:00Z,bundle-0614cf9e2a89cb5d123a560d,True,15335.419374655328,14993.607989534416,13906.53937006933,14536.544740404026,14100.499367991148,13002.602329617035
2025-12-25T01:00:00Z,MISO_MINN_HUB,69332.0,63474.0,5857.0,1.0,91510.75,32.97,2025-12-25T01:00:00Z,bundle-2851d798efb0b528333c7fe3,True,69354.35224707077,68496.90614076654,67831.24331558298,59211.09790051916,60304.10683264766,59076.48492232347
2025-12-25T01:00:00Z,SPP_NORTH_HUB,31268.0,12856.0,18412.0,0.0,41569.45,17.6901,2025-12-25T01:00:00Z,bundle-e8a3bb095270ddf38d9db356,True,30641.617959656687,30271.994113165,30493.36805954093,14612.856150285845,13386.081689315466,11706.068605367136
2025-12-25T02:00:00Z,CAISO_NP15,25613.0,23385.0,2226.0,2.0,32722.8,35.67732,2025-12-25T02:00:00Z,bundle-8907bc3053f6110a7f88c2be,True,25881.18032555438,25434.393961586706,25523.94057273476,21442.151574658004,22839.75859538864,24017.495272437503
2025-12-25T02:00:00Z,ISONE_NEMA,15352.0,14952.0,400.0,0.0,17608.25,88.35,2025-12-25T02:00:00Z,bundle-70b03ed420b39c5416251770,True,14993.607989534416,13906.53937006933,13444.13363111182,14100.499367991148,13002.602329617035,12647.619927324238
2025-12-25T02:00:00Z,MISO_MINN_HUB,67918.0,62029.0,5888.0,1.0,91510.75,31.04,2025-12-25T02:00:00Z,bundle-878cdd4c12a0444b866524e4,True,68496.90614076654,67831.24331558298,64933.025513104185,60304.10683264766,59076.48492232347,55088.092409430574
2025-12-25T02:00:00Z,SPP_NORTH_HUB,30733.0,11605.0,19128.0,0.0,41569.45,17.8887,2025-12-25T02:00:00Z,bundle-b4b13811bbe6d47326d04cdf,True,30271.994113165,30493.36805954093,30060.22208537245,13386.081689315466,11706.068605367136,9292.004987320914
2025-12-25T03:00:00Z,CAISO_NP15,25051.0,22249.0,2797.0,5.0,32722.8,33.8595,2025-12-25T03:00:00Z,bundle-8907bc3053f6110a7f88c2be,True,25434.393961586706,25523.94057273476,25024.575821978528,22839.75859538864,24017.495272437503,24810.99193490391
2025-12-25T03:00:00Z,ISONE_NEMA,14895.0,14580.0,315.0,0.0,17608.25,85.44,2025-12-25T03:00:00Z,bundle-70b03ed420b39c5416251770,True,13906.53937006933,13444.13363111182,13516.54932854902,13002.602329617035,12647.619927324238,12842.44913767251
2025-12-25T03:00:00Z,MISO_MINN_HUB,66750.0,61287.0,5462.0,1.0,91510.75,27.95,2025-12-25T03:00:00Z,bundle-878cdd4c12a0444b866524e4,True,67831.24331558298,64933.025513104185,61935.33698983346,59076.48492232347,55088.092409430574,53061.64628089589
2025-12-25T03:00:00Z,SPP_NORTH_HUB,30319.0,10896.0,19423.0,0.0,41569.45,16.3784,2025-12-25T03:00:00Z,bundle-b4b13811bbe6d47326d04cdf,True,30493.36805954093,30060.22208537245,28679.437576796336,11706.068605367136,9292.004987320914,8467.750268666445
2025-12-25T04:00:00Z,CAISO_NP15,24176.0,21240.0,2933.0,3.0,32722.8,31.94437,2025-12-25T04:00:00Z,bundle-8907bc3053f6110a7f88c2be,True,25523.94057273476,25024.575821978528,23555.094621123564,24017.495272437503,24810.99193490391,24733.57261509075
2025-12-25T04:00:00Z,ISONE_NEMA,14215.0,14081.0,134.0,0.0,17608.25,94.71,2025-12-25T04:00:00Z,bundle-70b03ed420b39c5416251770,True,13444.13363111182,13516.54932854902,13555.112895270277,12647.619927324238,12842.44913767251,12927.053751879646
2025-12-25T04:00:00Z,MISO_MINN_HUB,65353.0,59809.0,5543.0,1.0,91510.75,26.82,2025-12-25T04:00:00Z,bundle-878cdd4c12a0444b866524e4,True,64933.025513104185,61935.33698983346,60903.60248771143,55088.092409430574,53061.64628089589,53077.48115589734
2025-12-25T04:00:00Z,SPP_NORTH_HUB,29951.0,10768.0,19183.0,0.0,41569.45,18.3021,2025-12-25T04:00:00Z,bundle-b4b13811bbe6d47326d04cdf,True,30060.22208537245,28679.437576796336,28008.10556019804,9292.004987320914,8467.750268666445,9196.600870074162
2025-12-25T05:00:00Z,CAISO_NP15,23835.0,21281.0,2551.0,3.0,32722.8,31.63683,2025-12-25T05:00:00Z,bundle-8907bc3053f6110a7f88c2be,True,25024.575821978528,23555.094621123564,22223.76962126912,24810.99193490391,24733.57261509075,25034.84560764035
2025-12-25T05:00:00Z,ISONE_NEMA,13578.0,13485.0,93.0,0.0,17608.25,110.35,2025-12-25T05:00:00Z,bundle-70b03ed420b39c5416251770,True,13516.54932854902,13555.112895270277,13479.593538056435,12842.44913767251,12927.053751879646,12920.011481103596
2025-12-25T05:00:00Z,MISO_MINN_HUB,64129.0,58924.0,5204.0,1.0,91510.75,27.77,2025-12-25T05:00:00Z,bundle-878cdd4c12a0444b866524e4,True,61935.33698983346,60903.60248771143,60267.12938983124,53061.64628089589,53077.48115589734,52881.95755705479
2025-12-25T05:00:00Z,SPP_NORTH_HUB,29279.0,10765.0,18514.0,0.0,41569.45,14.3013,2025-12-25T05:00:00Z,bundle-b4b13811bbe6d47326d04cdf,True,28679.437576796336,28008.10556019804,27939.64528391886,8467.750268666445,9196.600870074162,10358.530643091412
2025-12-25T06:00:00Z,CAISO_NP15,23153.0,20835.0,2315.0,3.0,32722.8,30.67,2025-12-25T06:00:00Z,bundle-8907bc3053f6110a7f88c2be,True,23555.094621123564,22223.76962126912,21642.83372643921,24733.57261509075,25034.84560764035,25758.82571781368
2025-12-25T06:00:00Z,ISONE_NEMA,13423.0,13336.0,87.0,0.0,17608.25,116.16,2025-12-25T06:00:00Z,bundle-70b03ed420b39c5416251770,True,13555.112895270277,13479.593538056435,13427.715642393166,12927.053751879646,12920.011481103596,12847.832780198683
2025-12-25T06:00:00Z,MISO_MINN_HUB,62279.0,57995.0,4283.0,1.0,91510.75,26.51,2025-12-25T06:00:00Z,bundle-878cdd4c12a0444b866524e4,True,60903.60248771143,60267.12938983124,59768.841894835234,53077.48115589734,52881.95755705479,52918.48474743796
2025-12-25T06:00:00Z,SPP_NORTH_HUB,28539.0,9960.0,18579.0,0.0,41569.45,17.8224,2025-12-25T06:00:00Z,bundle-b4b13811bbe6d47326d04cdf,True,28008.10556019804,27939.64528391886,27469.96981351821,9196.600870074162,10358.530643091412,11374.272013137805
2025-12-25T07:00:00Z,CAISO_NP15,22818.0,20164.0,2649.0,5.0,32722.8,29.76731,2025-12-25T07:00:00Z,bundle-8907bc3053f6110a7f88c2be,True,22223.76962126912,21642.83372643921,21208.99955014688,25034.84560764035,25758.82571781368,26096.772774957008
2025-12-25T07:00:00Z,ISONE_NEMA,13142.0,13025.0,117.0,0.0,17608.25,96.0,2025-12-25T07:00:00Z,bundle-70b03ed420b39c5416251770,True,13479.593538056435,13427.715642393166,13647.686104511326,12920.011481103596,12847.832780198683,13000.738455821393
2025-12-25T07:00:00Z,MISO_MINN_HUB,60224.0,55921.0,4302.0,1.0,91510.75,25.77,2025-12-25T07:00:00Z,bundle-878cdd4c12a0444b866524e4,True,60267.12938983124,59768.841894835234,59109.385731260336,52881.95755705479,52918.48474743796,53955.84451831415
2025-12-25T07:00:00Z,SPP_NORTH_HUB,27761.0,9481.0,18280.0,0.0,41569.45,15.6623,2025-12-25T07:00:00Z,bundle-b4b13811bbe6d47326d04cdf,True,27939.64528391886,27469.96981351821,26974.474072230627,10358.530643091412,11374.272013137805,10993.284982471752
2025-12-25T08:00:00Z,CAISO_NP15,22550.0,19576.0,2970.0,4.0,32722.8,27.20187,2025-12-25T08:00:00Z,bundle-8907bc3053f6110a7f88c2be,True,21642.83372643921,21208.99955014688,20787.28622122768,25758.82571781368,26096.772774957008,25440.44283982487
2025-12-25T08:00:00Z,ISONE_NEMA,12879.0,12720.0,159.0,0.0,17608.25,93.65,2025-12-25T08:00:00Z,bundle-70b03ed420b39c5416251770,True,13427.715642393166,13647.686104511326,13889.35305981266,12847.832780198683,13000.738455821393,13196.117174927624
2025-12-25T08:00:00Z,MISO_MINN_HUB,58248.0,53476.0,4771.0,1.0,91510.75,24.74,2025-12-25T08:00:00Z,bundle-878cdd4c12a0444b866524e4,True,59768.841894835234,59109.385731260336,58230.35311482215,52918.48474743796,53955.84451831415,53295.723014219184
2025-12-25T08:00:00Z,SPP_NORTH_HUB,27291.0,8891.0,18400.0,0.0,41569.45,14.7455,2025-12-25T08:00:00Z,bundle-b4b13811bbe6d47326d04cdf,True,27469.96981351821,26974.474072230627,26789.442800520264,11374.272013137805,10993.284982471752,10976.398301337376
2025-12-25T09:00:00Z,CAISO_NP15,21453.0,18512.0,2937.0,4.0,32722.8,26.76355,2025-12-25T09:00:00Z,bundle-8907bc3053f6110a7f88c2be,True,21208.99955014688,20787.28622122768,20769.293693333897,26096.772774957008,25440.44283982487,24603.966011164088
2025-12-25T09:00:00Z,ISONE_NEMA,12770.0,12517.0,253.0,0.0,17608.25,98.81,2025-12-25T09:00:00Z,bundle-70b03ed420b39c5416251770,True,13647.686104511326,13889.35305981266,13745.147484684136,13000.738455821393,13196.117174927624,13016.731109885077
2025-12-25T09:00:00Z,MISO_MINN_HUB,57569.0,52436.0,5132.0,1.0,91510.75,24.51,2025-12-25T09:00:00Z,bundle-878cdd4c12a0444b866524e4,True,59109.385731260336,58230.35311482215,58237.44865238105,53955.84451831415,53295.723014219184,52501.45882331416
2025-12-25T09:00:00Z,SPP_NORTH_HUB,26992.0,8278.0,18714.0,0.0,41569.45,13.2358,2025-12-25T09:00:00Z,bundle-b4b13811bbe6d47326d04cdf,True,26974.474072230627,26789.442800520264,27123.60886992961,10993.284982471752,10976.398301337376,11395.670993871972
2025-12-25T10:00:00Z,CAISO_NP15,21274.0,18126.0,3144.0,4.0,32722.8,26.38565,2025-12-25T10:00:00Z,bundle-8907bc3053f6110a7f88c2be,True,20787.28622122768,20769.293693333897,20261.484572658224,25440.44283982487,24603.966011164088,23420.66068420783
2025-12-25T10:00:00Z,ISONE_NEMA,12823.0,12444.0,379.0,0.0,17608.25,94.19,2025-12-25T10:00:00Z,bundle-70b03ed420b39c5416251770,True,13889.35305981266,13745.147484684136,13762.664176451764,13196.117174927624,13016.731109885077,12981.70353118435
2025-12-25T10:00:00Z,MISO_MINN_HUB,57341.0,52064.0,5276.0,1.0,91510.75,23.55,2025-12-25T10:00:00Z,bundle-878cdd4c12a0444b866524e4,True,58230.35311482215,58237.44865238105,60040.64935911226,53295.723014219184,52501.45882331416,53866.384529253104
2025-12-25T10:00:00Z,SPP_NORTH_HUB,26837.0,8234.0,18603.0,0.0,41569.45,13.6,2025-12-25T10:00:00Z,bundle-b4b13811bbe6d47326d04cdf,True,26789.442800520264,27123.60886992961,27760.01038161321,10976.398301337376,11395.670993871972,11489.296948182153
2025-12-25T11:00:00Z,CAISO_NP15,21209.0,17717.0,3489.0,3.0,32722.8,26.0438,2025-12-25T11:00:00Z,bundle-8907bc3053f6110a7f88c2be,True,20769.293693333897,20261.484572658224,20442.51491173198,24603.966011164088,23420.66068420783,22178.97230907988
2025-12-25T11:00:00Z,ISONE_NEMA,12847.0,12463.0,384.0,0.0,17608.25,79.35,2025-12-25T11:00:00Z,bundle-70b03ed420b39c5416251770,True,13745.147484684136,13762.664176451764,13855.360534199932,13016.731109885077,12981.70353118435,13014.02545450901
2025-12-25T11:00:00Z,MISO_MINN_HUB,57277.0,50898.0,6378.0,1.0,91510.75,24.93,2025-12-25T11:00:00Z,bundle-878cdd4c12a0444b866524e4,True,58237.44865238105,60040.64935911226,62209.86525761112,52501.45882331416,53866.384529253104,55711.40598114912
2025-12-25T11:00:00Z,SPP_NORTH_HUB,26882.0,8592.0,18290.0,0.0,41569.45,14.0607,2025-12-25T11:00:00Z,bundle-b4b13811bbe6d47326d04cdf,True,27123.60886992961,27760.01038161321,28311.079484780963,11395.670993871972,11489.296948182153,12405.073949224416
2025-12-25T12:00:00Z,CAISO_NP15,20492.0,17114.0,3374.0,4.0,32722.8,26.46408,2025-12-25T12:00:00Z,bundle-8907bc3053f6110a7f88c2be,True,20261.484572658224,20442.51491173198,21213.6806357266,23420.66068420783,22178.97230907988,20993.322181941447
2025-12-25T12:00:00Z,ISONE_NEMA,13056.0,12640.0,416.0,0.0,17608.25,78.37,2025-12-25T12:00:00Z,bundle-70b03ed420b39c5416251770,True,13762.664176451764,13855.360534199932,13865.515755252654,12981.70353118435,13014.02545450901,13058.13966473606
2025-12-25T12:00:00Z,MISO_MINN_HUB,58285.0,51014.0,7270.0,1.0,91510.75,26.07,2025-12-25T12:00:00Z,bundle-878cdd4c12a0444b866524e4,True,60040.64935911226,62209.86525761112,63266.17084502639,53866.384529253104,55711.40598114912,55320.84085525702
2025-12-25T12:00:00Z,SPP_NORTH_HUB,27146.0,8879.0,18267.0,0.0,41569.45,14.8573,2025-12-25T12:00:00Z,bundle-b4b13811bbe6d47326d04cdf,True,27760.01038161321,28311.079484780963,28938.25507794761,11489.296948182153,12405.073949224416,13842.64872534114
2025-12-25T13:00:00Z,CAISO_NP15,20338.0,17039.0,3296.0,3.0,32722.8,25.8238,2025-12-25T13:00:00Z,bundle-8907bc3053f6110a7f88c2be,True,20442.51491173198,21213.6806357266,21504.18238103006,22178.97230907988,20993.322181941447,19334.042832317948
2025-12-25T13:00:00Z,ISONE_NEMA,13680.0,13088.0,589.0,3.0,17608.25,87.33,2025-12-25T13:00:00Z,bundle-70b03ed420b39c5416251770,True,13855.360534199932,13865.515755252654,13690.416921001775,13014.02545450901,13058.13966473606,12962.782659370892
2025-12-25T13:00:00Z,MISO_MINN_HUB,59925.0,52047.0,7877.0,1.0,91510.75,26.82,2025-12-25T13:00:00Z,bundle-878cdd4c12a0444b866524e4,True,62209.86525761112,63266.17084502639,65100.400502499215,55711.40598114912,55320.84085525702,55803.73877847694
2025-12-25T13:00:00Z,SPP_NORTH_HUB,27675.0,9056.0,18619.0,0.0,41569.45,15.6966,2025-12-25T13:00:00Z,bundle-b4b13811bbe6d47326d04cdf,True,28311.079484780963,28938.25507794761,29670.542965807825,12405.073949224416,13842.64872534114,14587.769261030213
2025-12-25T14:00:00Z,CAISO_NP15,20135.0,16933.0,3199.0,3.0,32722.8,27.40997,2025-12-25T14:00:00Z,bundle-8907bc3053f6110a7f88c2be,True,21213.6806357266,21504.18238103006,22136.334688506657,20993.322181941447,19334.042832317948,17902.544895859875
2025-12-25T14:00:00Z,ISONE_NEMA,14356.0,13594.0,748.0,14.0,17608.25,115.04,2025-12-25T14:00:00Z,bundle-70b03ed420b39c5416251770,True,13865.515755252654,13690.416921001775,14225.841816787875,13058.13966473606,12962.782659370892,13413.484860488132
2025-12-25T14:00:00Z,MISO_MINN_HUB,61595.0,53500.0,7992.0,103.0,91510.75,26.74,2025-12-25T14:00:00Z,bundle-878cdd4c12a0444b866524e4,True,63266.17084502639,65100.400502499215,67461.24726246388,55320.84085525702,55803.73877847694,57944.19950620473
2025-12-25T14:00:00Z,SPP_NORTH_HUB,28537.0,9168.0,19368.0,1.0,41569.45,17.8542,2025-12-25T14:00:00Z,bundle-b4b13811bbe6d47326d04cdf,True,28938.25507794761,29670.542965807825,30505.81152287413,13842.64872534114,14587.769261030213,14717.59076228707
2025-12-25T15:00:00Z,CAISO_NP15,20053.0,16767.0,3273.0,13.0,32722.8,25.78435,2025-12-25T15:00:00Z,bundle-8907bc3053f6110a7f88c2be,True,21504.18238103006,22136.334688506657,23093.655254322217,19334.042832317948,17902.544895859875,16648.841270356002
2025-12-25T15:00:00Z,ISONE_NEMA,14841.0,14110.0,690.0,41.0,17608.25,101.77,2025-12-25T15:00:00Z,bundle-70b03ed420b39c5416251770,True,13690.416921001775,14225.841816787875,14878.303991455008,12962.782659370892,13413.484860488132,14009.643475843415
2025-12-25T15:00:00Z,MISO_MINN_HUB,63292.0,52339.0,9564.0,1389.0,91510.75,26.82,2025-12-25T15:00:00Z,bundle-878cdd4c12a0444b866524e4,True,65100.400502499215,67461.24726246388,68904.7588618616,55803.73877847694,57944.19950620473,60309.828512160726
2025-12-25T15:00:00Z,SPP_NORTH_HUB,29257.0,9757.0,19349.0,151.0,41569.45,22.1405,2025-12-25T15:00:00Z,bundle-b4b13811bbe6d47326d04cdf,True,29670.542965807825,30505.81152287413,31514.711616264394,14587.769261030213,14717.59076228707,14619.135769389432
2025-12-25T16:00:00Z,CAISO_NP15,20471.0,15528.0,3195.0,1748.0,32722.8,21.24569,2025-12-25T16:00:00Z,bundle-8907bc3053f6110a7f88c2be,True,22136.334688506657,23093.655254322217,23639.257906757237,17902.544895859875,16648.841270356002,15437.293057288052
2025-12-25T16:00:00Z,ISONE_NEMA,14990.0,14253.0,694.0,43.0,17608.25,97.29,2025-12-25T16:00:00Z,bundle-70b03ed420b39c5416251770,True,14225.841816787875,14878.303991455008,15093.99290341958,13413.484860488132,14009.643475843415,14411.205457212718
2025-12-25T16:00:00Z,MISO_MINN_HUB,64702.0,50279.0,11481.0,2942.0,91510.75,26.44,2025-12-25T16:00:00Z,bundle-878cdd4c12a0444b866524e4,True,67461.24726246388,68904.7588618616,69825.09788926513,57944.19950620473,60309.828512160726,59157.247246240455
2025-12-25T16:00:00Z,SPP_NORTH_HUB,29639.0,10868.0,18180.0,591.0,41569.45,27.4087,2025-12-25T16:00:00Z,bundle-b4b13811bbe6d47326d04cdf,True,30505.81152287413,31514.711616264394,32038.29591717645,14717.59076228707,14619.135769389432,15085.25844845919
2025-12-25T17:00:00Z,CAISO_NP15,22889.0,13464.0,2787.0,6638.0,32722.8,20.46428,2025-12-25T17:00:00Z,bundle-8907bc3053f6110a7f88c2be,True,23093.655254322217,23639.257906757237,24416.933351700343,16648.841270356002,15437.293057288052,14275.022587504687
2025-12-25T17:00:00Z,ISONE_NEMA,14969.0,14104.0,794.0,71.0,17608.25,82.42,2025-12-25T17:00:00Z,bundle-70b03ed420b39c5416251770,True,14878.303991455008,15093.99290341958,14832.383285543585,14009.643475843415,14411.205457212718,14288.303301585787
2025-12-25T17:00:00Z,MISO_MINN_HUB,65451.0,49350.0,12343.0,3758.0,91510.75,25.26,2025-12-25T17:00:00Z,bundle-878cdd4c12a0444b866524e4,True,68904.7588618616,69825.09788926513,70263.4039267517,60309.828512160726,59157.247246240455,56365.15719474706
2025-12-25T17:00:00Z,SPP_NORTH_HUB,29668.0,12760.0,16168.0,740.0,41569.45,27.6162,2025-12-25T17:00:00Z,bundle-b4b13811bbe6d47326d04cdf,True,31514.711616264394,32038.29591717645,31755.13165365073,14619.135769389432,15085.25844845919,16064.122884112105
2025-12-25T18:00:00Z,CAISO_NP15,23944.0,12529.0,3008.0,8407.0,32722.8,19.96029,2025-12-25T18:00:00Z,bundle-8907bc3053f6110a7f88c2be,True,23639.257906757237,24416.933351700343,26045.61135536092,15437.293057288052,14275.022587504687,13188.518412303476
2025-12-25T18:00:00Z,ISONE_NEMA,14111.0,12863.0,982.0,266.0,17608.25,70.19,2025-12-25T18:00:00Z,bundle-70b03ed420b39c5416251770,True,15093.99290341958,14832.383285543585,14796.25433839024,14411.205457212718,14288.303301585787,14177.205798596744
2025-12-25T18:00:00Z,MISO_MINN_HUB,65601.0,48416.0,12666.0,4519.0,91510.75,24.55,2025-12-25T18:00:00Z,bundle-878cdd4c12a0444b866524e4,True,69825.09788926513,70263.4039267517,69855.849140404,59157.247246240455,56365.15719474706,56362.34399695462
2025-12-25T18:00:00Z,SPP_NORTH_HUB,29834.0,12899.0,16257.0,678.0,41569.45,25.156,2025-12-25T18:00:00Z,bundle-b4b13811bbe6d47326d04cdf,True,32038.29591717645,31755.13165365073,31079.85591439368,15085.25844845919,16064.122884112105,17635.14566222535
2025-12-25T19:00:00Z,CAISO_NP15,24057.0,12485.0,2779.0,8793.0,32722.8,19.32298,2025-12-25T19:00:00Z,bundle-8907bc3053f6110a7f88c2be,True,24416.933351700343,26045.61135536092,26596.589946292213,14275.022587504687,13188.518412303476,13241.701549484937
2025-12-25T19:00:00Z,ISONE_NEMA,14151.0,12712.0,1102.0,337.0,17608.25,65.66,2025-12-25T19:00:00Z,bundle-70b03ed420b39c5416251770,True,14832.383285543585,14796.25433839024,14317.354185574955,14288.303301585787,14177.205798596744,13414.088520480062
2025-12-25T19:00:00Z,MISO_MINN_HUB,65552.0,47427.0,13362.0,4763.0,91510.75,24.52,2025-12-25T19:00:00Z,bundle-878cdd4c12a0444b866524e4,True,70263.4039267517,69855.849140404,68782.48096288269,56365.15719474706,56362.34399695462,56425.27841989176
2025-12-25T19:00:00Z,SPP_NORTH_HUB,29890.0,11621.0,17640.0,629.0,41569.45,20.4922,2025-12-25T19:00:00Z,bundle-b4b13811bbe6d47326d04cdf,True,31755.13165365073,31079.85591439368,30827.80513289145,16064.122884112105,17635.14566222535,16382.332143306594
2025-12-25T20:00:00Z,CAISO_NP15,22844.0,11653.0,2534.0,8657.0,32722.8,18.65777,2025-12-25T20:00:00Z,bundle-8907bc3053f6110a7f88c2be,True,26045.61135536092,26596.589946292213,25795.73030533212,13188.518412303476,13241.701549484937,14502.98904102814
2025-12-25T20:00:00Z,ISONE_NEMA,14639.0,13142.0,1266.0,231.0,17608.25,65.6,2025-12-25T20:00:00Z,bundle-70b03ed420b39c5416251770,True,14796.25433839024,14317.354185574955,14550.654929360411,14177.205798596744,13414.088520480062,13563.34625878448
2025-12-25T20:00:00Z,MISO_MINN_HUB,65291.0,47034.0,14138.0,4119.0,91510.75,25.47,2025-12-25T20:00:00Z,bundle-878cdd4c12a0444b866524e4,True,69855.849140404,68782.48096288269,67680.70450472162,56362.34399695462,56425.27841989176,55212.30011338792
2025-12-25T20:00:00Z,SPP_NORTH_HUB,29863.0,10436.0,18782.0,645.0,41569.45,16.6009,2025-12-25T20:00:00Z,bundle-b4b13811bbe6d47326d04cdf,True,31079.85591439368,30827.80513289145,30694.6644431654,17635.14566222535,16382.332143306594,12623.63178868105
2025-12-25T21:00:00Z,CAISO_NP15,22929.0,12167.0,2693.0,8069.0,32722.8,17.82579,2025-12-25T21:00:00Z,bundle-8907bc3053f6110a7f88c2be,True,26596.589946292213,25795.73030533212,24561.64870540385,13241.701549484937,14502.98904102814,14655.197794686088
2025-12-25T21:00:00Z,ISONE_NEMA,15190.0,13727.0,1371.0,92.0,17608.25,65.16,2025-12-25T21:00:00Z,bundle-70b03ed420b39c5416251770,True,14317.354185574955,14550.654929360411,15353.939210946446,13414.088520480062,13563.34625878448,14552.60717789608
2025-12-25T21:00:00Z,MISO_MINN_HUB,65118.0,47704.0,14473.0,2941.0,91510.75,26.14,2025-12-25T21:00:00Z,bundle-878cdd4c12a0444b866524e4,True,68782.48096288269,67680.70450472162,66257.88466474786,56425.27841989176,55212.30011338792,53823.799743256815
2025-12-25T21:00:00Z,SPP_NORTH_HUB,29781.0,10251.0,18882.0,648.0,41569.45,15.7882,2025-12-25T21:00:00Z,bundle-b4b13811bbe6d47326d04cdf,True,30827.80513289145,30694.6644431654,30135.161712819623,16382.332143306594,12623.63178868105,10023.922030662054
2025-12-25T22:00:00Z,CAISO_NP15,22569.0,12948.0,2284.0,7337.0,32722.8,19.40387,2025-12-25T22:00:00Z,bundle-8907bc3053f6110a7f88c2be,True,25795.73030533212,24561.64870540385,24688.208181774084,14502.98904102814,14655.197794686088,15712.58910898411
2025-12-25T22:00:00Z,ISONE_NEMA,15896.0,14437.0,1452.0,7.0,17608.25,55.59,2025-12-25T22:00:00Z,bundle-70b03ed420b39c5416251770,True,14550.654929360411,15353.939210946446,15326.320759213182,13563.34625878448,14552.60717789608,14691.433248701678
2025-12-25T22:00:00Z,MISO_MINN_HUB,65049.0,47779.0,15387.0,1883.0,91510.75,30.93,2025-12-25T22:00:00Z,bundle-878cdd4c12a0444b866524e4,True,67680.70450472162,66257.88466474786,65185.36158061743,55212.30011338792,53823.799743256815,53876.151998222784
2025-12-25T22:00:00Z,SPP_NORTH_HUB,29803.0,10019.0,19151.0,633.0,41569.45,20.2614,2025-12-25T22:00:00Z,bundle-b4b13811bbe6d47326d04cdf,True,30694.6644431654,30135.161712819623,29662.861102556966,12623.63178868105,10023.922030662054,9991.071371465168
2025-12-25T23:00:00Z,CAISO_NP15,22270.0,13332.0,2325.0,6613.0,32722.8,24.23,2025-12-25T23:00:00Z,bundle-8907bc3053f6110a7f88c2be,True,24561.64870540385,24688.208181774084,25160.80297060075,14655.197794686088,15712.58910898411,17233.55353164413
2025-12-25T23:00:00Z,ISONE_NEMA,16155.0,14659.0,1495.0,1.0,17608.25,55.37,2025-12-25T23:00:00Z,bundle-70b03ed420b39c5416251770,True,15353.939210946446,15326.320759213182,15211.231942176431,14552.60717789608,14691.433248701678,14664.215839356772
2025-12-25T23:00:00Z,MISO_MINN_HUB,66105.0,49693.0,15963.0,449.0,91510.75,29.41,2025-12-25T23:00:00Z,bundle-878cdd4c12a0444b866524e4,True,66257.88466474786,65185.36158061743,64083.62421760905,53823.799743256815,53876.151998222784,51958.15537753055
2025-12-25T23:00:00Z,SPP_NORTH_HUB,29884.0,10303.0,19259.0,322.0,41569.45,22.9843,2025-12-25T23:00:00Z,bundle-b4b13811bbe6d47326d04cdf,True,30135.161712819623,29662.861102556966,29355.93791720955,10023.922030662054,9991.071371465168,9916.58693922676
2025-12-26T00:00:00Z,CAISO_NP15,21884.0,15203.0,2422.0,4259.0,32722.8,32.38515,2025-12-26T00:00:00Z,bundle-cc4da91e149f8fb56973e610,True,24688.208181774084,25160.80297060075,24334.174870962837,15712.58910898411,17233.55353164413,17928.816496710395
2025-12-26T00:00:00Z,ISONE_NEMA,16320.0,14801.0,1519.0,0.0,17608.25,70.36,2025-12-26T00:00:00Z,bundle-62e8a595bbb77166b81230b3,True,15326.320759213182,15211.231942176431,14946.529556951447,14691.433248701678,14664.215839356772,14360.096844425376
2025-12-26T00:00:00Z,MISO_MINN_HUB,67010.0,49822.0,17183.0,5.0,91510.75,28.81,2025-12-26T00:00:00Z,bundle-38cda627227bdb94dc881a02,True,65185.36158061743,64083.62421760905,63960.86086507839,53876.151998222784,51958.15537753055,52013.56143031979
2025-12-26T00:00:00Z,SPP_NORTH_HUB,30358.0,10687.0,19659.0,12.0,41569.45,16.4309,2025-12-26T00:00:00Z,bundle-75515cc7a304eb91c4d297b9,True,29662.861102556966,29355.93791720955,29085.5942847452,9991.071371465168,9916.58693922676,9828.548083169291
2025-12-26T01:00:00Z,CAISO_NP15,22347.0,19767.0,2107.0,473.0,32722.8,33.13477,2025-12-26T01:00:00Z,bundle-2ea226f842f06be41533ee9c,True,25160.80297060075,24334.174870962837,23660.100818575134,17233.55353164413,17928.816496710395,18774.42985241221
2025-12-26T01:00:00Z,ISONE_NEMA,16178.0,14647.0,1531.0,0.0,17608.25,55.69,2025-12-26T01:00:00Z,bundle-f715227b45dcf4236284c08d,True,15211.231942176431,14946.529556951447,14391.534660934049,14664.215839356772,14360.096844425376,13773.076405395868
2025-12-26T01:00:00Z,MISO_MINN_HUB,66592.0,48362.0,18229.0,1.0,91510.75,28.5,2025-12-26T01:00:00Z,bundle-66523557080daa6968753e5d,True,64083.62421760905,63960.86086507839,64017.46624396744,51958.15537753055,52013.56143031979,51255.09717709805
2025-12-26T01:00:00Z,SPP_NORTH_HUB,30403.0,10443.0,19960.0,0.0,41569.45,15.8101,2025-12-26T01:00:00Z,bundle-1106836ecfa7cd36ca961204,True,29355.93791720955,29085.5942847452,29289.906083468926,9916.58693922676,9828.548083169291,10294.872537281826
2025-12-26T02:00:00Z,CAISO_NP15,23106.0,21349.0,1757.0,0.0,32722.8,32.87162,2025-12-26T02:00:00Z,bundle-a172ea9e297b40c0d0cb12f0,True,24334.174870962837,23660.100818575134,23301.516933655384,17928.816496710395,18774.42985241221,20994.18492301338
2025-12-26T02:00:00Z,ISONE_NEMA,15467.0,13954.0,1513.0,0.0,17608.25,74.02,2025-12-26T02:00:00Z,bundle-9b16d8c31df4848db9f36c77,True,14946.529556951447,14391.534660934049,13972.54640435039,14360.096844425376,13773.076405395868,13312.18150677404
2025-12-26T02:00:00Z,MISO_MINN_HUB,66071.0,48780.0,17289.0,2.0,91510.75,27.41,2025-12-26T02:00:00Z,bundle-e5004bdaf0bd82fe5dfbc65f,True,63960.86086507839,64017.46624396744,61723.38401861676,52013.56143031979,51255.09717709805,47506.06455780069
2025-12-26T02:00:00Z,SPP_NORTH_HUB,29972.0,10109.0,19863.0,0.0,41569.45,15.0162,2025-12-26T02:00:00Z,bundle-f901ff24f92982e37e94f81c,True,29085.5942847452,29289.906083468926,28956.57048986476,9828.548083169291,10294.872537281826,9621.051442288268
