timestamp_utc,market_id,gross_demand_mw,net_load_mw,wind_mw,solar_mw,market_scale_mw,da_lmp_usd_per_mwh,forecast_gross_h1_mw,forecast_gross_h2_mw,forecast_gross_h3_mw,forecast_net_h1_mw,forecast_net_h2_mw,forecast_net_h3_mw,forecast_issue_time_utc,forecast_vintage_id,quality_ok
2026-01-24T21:00:00Z,CAISO_NP15,26735.0,13364.0,1699.0,11672.0,32722.8,26.52005,25745.591001137094,26593.62729203969,27159.110353314198,12416.075733472182,15469.419134109437,17498.72710834952,2026-01-24T21:00:00Z,bundle-737e5451c80a15aea50bb6de,True
2026-01-24T21:00:00Z,ERCOT_LZ_NORTH,66611.928977,53692.28488638056,11078.781837575,1840.8622530444443,71754.41932255,201.69,63219.08390395188,62403.973066722014,62197.821393407175,48065.83570500272,50350.04568364371,52868.81904334311,2026-01-24T21:00:00Z,bundle-9aba3ef0a207ba3bc3536805,True
2026-01-24T21:00:00Z,ISONE_NEMA,17075.0,15725.0,1057.0,293.0,17608.25,287.55,17767.054596198504,18188.537276198815,18725.66950713618,15699.267815292638,16297.05125649663,17135.980981696724,2026-01-24T21:00:00Z,bundle-2dc590e43d3edc68ffe722de,True
2026-01-24T21:00:00Z,MISO_MINN_HUB,92663.0,86589.0,2749.0,3325.0,91510.75,324.04,95232.0503171286,95582.4344116535,94766.700968112,84309.30557695108,85057.28926731914,85478.75336608336,2026-01-24T21:00:00Z,bundle-48abf5fe91015c29be9aa92b,True
2026-01-24T21:00:00Z,NYISO_NYC_J,7070.179,7070.179,316.0,0.0,7054.87155,257.98,6871.313975105521,6872.510869659572,6855.461920524845,6871.313975105521,6872.510869659572,6855.461920524845,2026-01-24T21:00:00Z,bundle-715997d4dae1fda717bddc46,True
2026-01-24T21:00:00Z,SPP_NORTH_HUB,43019.0,33916.0,8778.0,325.0,41569.45,292.1041,44144.015455307366,43484.11975876437,42939.99604840332,33778.94414277779,32376.585707406084,31134.80031743648,2026-01-24T21:00:00Z,bundle-b69c45c479f56765dd616ec4,True
2026-01-24T22:00:00Z,CAISO_NP15,26435.0,13083.0,1599.0,11753.0,32722.8,26.82258,26593.62729203969,27159.110353314198,26675.51157033816,15469.419134109437,17498.72710834952,18765.99213470321,2026-01-24T22:00:00Z,bundle-737e5451c80a15aea50bb6de,True
2026-01-24T22:00:00Z,ERCOT_LZ_NORTH,67507.073635,55920.74782893888,10590.158873983337,996.166932077778,71754.41932255,235.82,62403.973066722014,62197.821393407175,62392.87973991872,50350.04568364371,52868.81904334311,54569.79990357843,2026-01-24T22:00:00Z,bundle-9aba3ef0a207ba3bc3536805,True
2026-01-24T22:00:00Z,ISONE_NEMA,18756.0,17697.0,1009.0,50.0,17608.25,323.66,18188.537276198815,18725.66950713618,19259.673193772604,16297.05125649663,17135.980981696724,17915.825059228882,2026-01-24T22:00:00Z,bundle-2dc590e43d3edc68ffe722de,True
2026-01-24T22:00:00Z,MISO_MINN_HUB,92792.0,88261.0,2572.0,1959.0,91510.75,363.9,95582.4344116535,94766.700968112,93748.7383981775,85057.28926731914,85478.75336608336,85660.81673464253,2026-01-24T22:00:00Z,bundle-48abf5fe91015c29be9aa92b,True
2026-01-24T22:00:00Z,NYISO_NYC_J,7218.1116,7218.1116,212.0,0.0,7054.87155,320.04,6872.510869659572,6855.461920524845,6718.410689759159,6872.510869659572,6855.461920524845,6718.410689759159,2026-01-24T22:00:00Z,bundle-715997d4dae1fda717bddc46,True
2026-01-24T22:00:00Z,SPP_NORTH_HUB,42979.0,33423.0,9288.0,268.0,41569.45,321.7737,43484.11975876437,42939.99604840332,42396.514016207715,32376.585707406084,31134.80031743648,29872.78175106794,2026-01-24T22:00:00Z,bundle-b69c45c479f56765dd616ec4,True
2026-01-24T23:00:00Z,CAISO_NP15,25213.0,13226.0,1721.0,10266.0,32722.8,34.49982,27159.110353314198,26675.51157033816,25948.60041440379,17498.72710834952,18765.99213470321,20041.714569508942,2026-01-24T23:00:00Z,bundle-737e5451c80a15aea50bb6de,True
2026-01-24T23:00:00Z,ERCOT_LZ_NORTH,69040.450437,58902.72204431389,9899.41788753611,238.31050515,71754.41932255,294.25,62197.821393407175,62392.87973991872,62877.49202911684,52868.81904334311,54569.79990357843,54433.641574876245,2026-01-24T23:00:00Z,bundle-9aba3ef0a207ba3bc3536805,True
2026-01-24T23:00:00Z,ISONE_NEMA,19784.0,18748.0,1027.0,9.0,17608.25,316.78,18725.66950713618,19259.673193772604,19513.216643808115,17135.980981696724,17915.825059228882,18411.050374401137,2026-01-24T23:00:00Z,bundle-2dc590e43d3edc68ffe722de,True
2026-01-24T23:00:00Z,MISO_MINN_HUB,93231.0,90216.0,2479.0,536.0,91510.75,448.36,94766.700968112,93748.7383981775,92852.52751990425,85478.75336608336,85660.81673464253,83567.98111087792,2026-01-24T23:00:00Z,bundle-48abf5fe91015c29be9aa92b,True
2026-01-24T23:00:00Z,NYISO_NYC_J,7260.3021,7260.3021,234.0,0.0,7054.87155,313.67,6855.461920524845,6718.410689759159,6685.86744767186,6855.461920524845,6718.410689759159,6685.86744767186,2026-01-24T23:00:00Z,bundle-715997d4dae1fda717bddc46,True
2026-01-24T23:00:00Z,SPP_NORTH_HUB,43480.0,33639.0,9703.0,138.0,41569.45,350.6265,42939.99604840332,42396.514016207715,42522.266576279886,31134.80031743648,29872.78175106794,28997.63983692121,2026-01-24T23:00:00Z,bundle-b69c45c479f56765dd616ec4,True
2026-01-25T00:00:00Z,CAISO_NP15,24073.0,14740.0,1758.0,7575.0,32722.8,54.1905,26675.51157033816,25948.60041440379,24662.049711215503,18765.99213470321,20041.714569508942,21134.292480759395,2026-01-25T00:00:00Z,bundle-5626d2618cd2f46c47c3e671,True
2026-01-25T00:00:00Z,ERCOT_LZ_NORTH,70522.511668,60034.77182308333,10484.399918741668,3.339926175,71754.41932255,365.85,62392.87973991872,62877.49202911684,64335.787587647326,54569.79990357843,54433.641574876245,54973.91770853476,2026-01-25T00:00:00Z,bundle-67e7246affdf168a4482f66f,True
2026-01-25T00:00:00Z,ISONE_NEMA,19760.0,18737.0,1015.0,8.0,17608.25,297.02,19259.673193772604,19513.216643808115,18741.307738731273,17915.825059228882,18411.050374401137,17545.338326373283,2026-01-25T00:00:00Z,bundle-82db141b4d9088ac2ab3996e,True
2026-01-25T00:00:00Z,MISO_MINN_HUB,95118.0,92347.0,2749.0,22.0,91510.75,410.38,93748.7383981775,92852.52751990425,91964.67686134254,85660.81673464253,83567.98111087792,82150.59419444119,2026-01-25T00:00:00Z,bundle-9411f8aa7ec199445bd4a707,True
2026-01-25T00:00:00Z,NYISO_NYC_J,7200.9291,7200.9291,315.0,0.0,7054.87155,294.75,6718.410689759159,6685.86744767186,6524.555049801606,6718.410689759159,6685.86744767186,6524.555049801606,2026-01-25T00:00:00Z,bundle-7460b8738e298aba3b7ccbae,True
2026-01-25T00:00:00Z,SPP_NORTH_HUB,44513.0,34973.0,9520.0,20.0,41569.45,365.0799,42396.514016207715,42522.266576279886,43394.75900950627,29872.78175106794,28997.63983692121,29264.657544874986,2026-01-25T00:00:00Z,bundle-6e5bac2cc433b9f0615ddaa1,True
2026-01-25T01:00:00Z,CAISO_NP15,22878.0,19314.0,1508.0,2056.0,32722.8,58.60037,25948.60041440379,24662.049711215503,24039.138187194163,20041.714569508942,21134.292480759395,21938.325608373856,2026-01-25T01:00:00Z,bundle-5131db62b3af8d80f790ca5a,True
2026-01-25T01:00:00Z,ERCOT_LZ_NORTH,70499.091938,59464.60501046111,11034.194862236112,0.2920653027777778,71754.41932255,297.0,62877.49202911684,64335.787587647326,65213.2851070122,54433.641574876245,54973.91770853476,54721.463572556735,2026-01-25T01:00:00Z,bundle-67caf20b5fcd305e72ae6bda,True
2026-01-25T01:00:00Z,ISONE_NEMA,19529.0,18512.0,1009.0,8.0,17608.25,274.15,19513.216643808115,18741.307738731273,17246.4363221445,18411.050374401137,17545.338326373283,15961.029790475166,2026-01-25T01:00:00Z,bundle-fe0bae85dd954fb3346250ec,True
2026-01-25T01:00:00Z,MISO_MINN_HUB,95049.0,91370.0,3677.0,2.0,91510.75,371.81,92852.52751990425,91964.67686134254,92799.39825023316,83567.98111087792,82150.59419444119,82036.41380043532,2026-01-25T01:00:00Z,bundle-3c6bb690ea0096e371858f4c,True
2026-01-25T01:00:00Z,NYISO_NYC_J,7091.6785,7091.6785,369.0,0.0,7054.87155,273.33,6685.86744767186,6524.555049801606,6236.568435170252,6685.86744767186,6524.555049801606,6236.568435170252,2026-01-25T01:00:00Z,bundle-700b41382982f307b2450324,True
2026-01-25T01:00:00Z,SPP_NORTH_HUB,45089.0,35477.0,9612.0,0.0,41569.45,330.0,42522.266576279886,43394.75900950627,44465.28550329354,28997.63983692121,29264.657544874986,30908.89141396718,2026-01-25T01:00:00Z,bundle-d539aaefff7eedf1341b6b42,True
2026-01-25T02:00:00Z,CAISO_NP15,24709.0,23810.0,899.0,0.0,32722.8,58.62063,24662.049711215503,24039.138187194163,23343.183926885464,21134.292480759395,21938.325608373856,23522.27597136423,2026-01-25T02:00:00Z,bundle-92b8af8061ee107b6f0df816,True
2026-01-25T02:00:00Z,ERCOT_LZ_NORTH,70356.068299,58790.89738752223,11564.957788322225,0.2131231555555555,71754.41932255,317.82,64335.787587647326,65213.2851070122,63482.386526461894,54973.91770853476,54721.463572556735,52359.07179046358,2026-01-25T02:00:00Z,bundle-4a8b776092d7747b75f569aa,True
2026-01-25T02:00:00Z,ISONE_NEMA,19091.0,18030.0,1054.0,7.0,17608.25,289.14,18741.307738731273,17246.4363221445,16118.652966436126,17545.338326373283,15961.029790475166,14904.324176653865,2026-01-25T02:00:00Z,bundle-61a124b4646e1366820cd898,True
2026-01-25T02:00:00Z,MISO_MINN_HUB,93983.0,89638.0,4343.0,2.0,91510.75,370.78,91964.67686134254,92799.39825023316,91466.253441411,82150.59419444119,82036.41380043532,78810.10644474794,2026-01-25T02:00:00Z,bundle-eeb56699bbd7be292bcc3a4a,True
2026-01-25T02:00:00Z,NYISO_NYC_J,6953.0975,6953.0975,367.0,0.0,7054.87155,240.79,6524.555049801606,6236.568435170252,6013.730570227158,6524.555049801606,6236.568435170252,6013.730570227158,2026-01-25T02:00:00Z,bundle-3d1aa5767e9b8ebe5d5ca385,True
2026-01-25T02:00:00Z,SPP_NORTH_HUB,44712.0,34180.0,10532.0,0.0,41569.45,310.0,43394.75900950627,44465.28550329354,44508.73150953846,29264.657544874986,30908.89141396718,31169.183265562686,2026-01-25T02:00:00Z,bundle-a3ca3c9b85e91f0d1403bb34,True
2026-01-25T03:00:00Z,CAISO_NP15,25030.0,24367.0,663.0,0.0,32722.8,58.70265,24039.138187194163,23343.183926885464,23974.039793201366,21938.325608373856,23522.27597136423,24993.645400941645,2026-01-25T03:00:00Z,bundle-92b8af8061ee107b6f0df816,True
2026-01-25T03:00:00Z,ERCOT_LZ_NORTH,69886.616534,58423.87483825,11462.500090730557,0.2416050194444444,71754.41932255,334.85,65213.2851070122,63482.386526461894,61779.92583322085,54721.463572556735,52359.07179046358,50750.816178624635,2026-01-25T03:00:00Z,bundle-4a8b776092d7747b75f569aa,True
2026-01-25T03:00:00Z,ISONE_NEMA,18476.0,17465.0,1006.0,5.0,17608.25,260.75,17246.4363221445,16118.652966436126,15757.188181259278,15961.029790475166,14904.324176653865,14553.162593151515,2026-01-25T03:00:00Z,bundle-61a124b4646e1366820cd898,True
2026-01-25T03:00:00Z,MISO_MINN_HUB,92469.0,87698.0,4768.0,3.0,91510.75,343.54,92799.39825023316,91466.253441411,87796.60677085377,82036.41380043532,78810.10644474794,74715.78882491376,2026-01-25T03:00:00Z,bundle-eeb56699bbd7be292bcc3a4a,True
2026-01-25T03:00:00Z,NYISO_NYC_J,6734.9015,6734.9015,362.0,0.0,7054.87155,273.34,6236.568435170252,6013.730570227158,5882.786150745948,6236.568435170252,6013.730570227158,5882.786150745948,2026-01-25T03:00:00Z,bundle-3d1aa5767e9b8ebe5d5ca385,True
2026-01-25T03:00:00Z,SPP_NORTH_HUB,44147.0,33286.0,10861.0,0.0,41569.45,298.1735,44465.28550329354,44508.73150953846,42790.39218934878,30908.89141396718,31169.183265562686,28180.462597346,2026-01-25T03:00:00Z,bundle-a3ca3c9b85e91f0d1403bb34,True
2026-01-25T04:00:00Z,CAISO_NP15,24610.0,24238.0,372.0,0.0,32722.8,58.15991,23343.183926885464,23974.039793201366,24048.936972049032,23522.27597136423,24993.645400941645,23825.466361484465,2026-01-25T04:00:00Z,bundle-92b8af8061ee107b6f0df816,True
2026-01-25T04:00:00Z,ERCOT_LZ_NORTH,68691.338101,56980.54195173056,11710.64714952222,0.1489997472222222,71754.41932255,434.69,63482.386526461894,61779.92583322085,61391.92077718459,52359.07179046358,50750.816178624635,50305.09696269009,2026-01-25T04:00:00Z,bundle-4a8b776092d7747b75f569aa,True
2026-01-25T04:00:00Z,ISONE_NEMA,17718.0,16643.0,1070.0,5.0,17608.25,261.92,16118.652966436126,15757.188181259278,15539.350908365694,14904.324176653865,14553.162593151515,14398.247921352066,2026-01-25T04:00:00Z,bundle-61a124b4646e1366820cd898,True
2026-01-25T04:00:00Z,MISO_MINN_HUB,90518.0,85337.0,5179.0,2.0,91510.75,317.98,91466.253441411,87796.60677085377,85745.24109243198,78810.10644474794,74715.78882491376,72934.86182080494,2026-01-25T04:00:00Z,bundle-eeb56699bbd7be292bcc3a4a,True
2026-01-25T04:00:00Z,NYISO_NYC_J,6493.4464,6493.4464,307.0,0.0,7054.87155,270.54,6013.730570227158,5882.786150745948,5772.159136609216,6013.730570227158,5882.786150745948,5772.159136609216,2026-01-25T04:00:00Z,bundle-3d1aa5767e9b8ebe5d5ca385,True
2026-01-25T04:00:00Z,SPP_NORTH_HUB,43463.0,32654.0,10809.0,0.0,41569.45,284.886,44508.73150953846,42790.39218934878,41374.23657559248,31169.183265562686,28180.462597346,26632.3904599757,2026-01-25T04:00:00Z,bundle-a3ca3c9b85e91f0d1403bb34,True
2026-01-25T05:00:00Z,CAISO_NP15,24283.0,24064.0,219.0,0.0,32722.8,58.66231,23974.039793201366,24048.936972049032,22284.741102680826,24993.645400941645,23825.466361484465,22150.278457342905,2026-01-25T05:00:00Z,bundle-92b8af8061ee107b6f0df816,True
2026-01-25T05:00:00Z,ERCOT_LZ_NORTH,67653.879552,55692.30571225,11961.39341705,0.1804227,71754.41932255,345.08,61779.92583322085,61391.92077718459,60340.28828917626,50750.816178624635,50305.09696269009,49127.22399688911,2026-01-25T05:00:00Z,bundle-4a8b776092d7747b75f569aa,True
2026-01-25T05:00:00Z,ISONE_NEMA,17334.0,16330.0,999.0,5.0,17608.25,392.01,15757.188181259278,15539.350908365694,15323.2067299879,14553.162593151515,14398.247921352066,14176.497811618901,2026-01-25T05:00:00Z,bundle-61a124b4646e1366820cd898,True
2026-01-25T05:00:00Z,MISO_MINN_HUB,88225.0,82949.0,5274.0,2.0,91510.75,664.63,87796.60677085377,85745.24109243198,84329.79403033105,74715.78882491376,72934.86182080494,71215.45849653007,2026-01-25T05:00:00Z,bundle-eeb56699bbd7be292bcc3a4a,True
2026-01-25T05:00:00Z,NYISO_NYC_J,6264.9924,6264.9924,277.0,0.0,7054.87155,383.0,5882.786150745948,5772.159136609216,5696.09793884795,5882.786150745948,5772.159136609216,5696.09793884795,2026-01-25T05:00:00Z,bundle-3d1aa5767e9b8ebe5d5ca385,True
2026-01-25T05:00:00Z,SPP_NORTH_HUB,42701.0,31797.0,10904.0,0.0,41569.45,289.644,42790.39218934878,41374.23657559248,40824.79911755275,28180.462597346,26632.3904599757,26994.003412968996,2026-01-25T05:00:00Z,bundle-a3ca3c9b85e91f0d1403bb34,True
2026-01-25T06:00:00Z,CAISO_NP15,24012.0,23752.0,260.0,0.0,32722.8,58.09411,24048.936972049032,22284.741102680826,21364.10873608869,23825.466361484465,22150.278457342905,22042.589303960234,2026-01-25T06:00:00Z,bundle-92b8af8061ee107b6f0df816,True
2026-01-25T06:00:00Z,ERCOT_LZ_NORTH,66978.073741,55214.21318265556,11763.74347224722,0.1170860972222222,71754.41932255,444.8,61391.92077718459,60340.28828917626,60011.06114093024,50305.09696269009,49127.22399688911,47708.425457355814,2026-01-25T06:00:00Z,bundle-4a8b776092d7747b75f569aa,True
2026-01-25T06:00:00Z,ISONE_NEMA,17145.0,16235.0,905.0,5.0,17608.25,415.01,15539.350908365694,15323.2067299879,15442.279740266273,14398.247921352066,14176.497811618901,14311.749711986202,2026-01-25T06:00:00Z,bundle-61a124b4646e1366820cd898,True
2026-01-25T06:00:00Z,MISO_MINN_HUB,86144.0,80510.0,5633.0,1.0,91510.75,539.27,85745.24109243198,84329.79403033105,82995.21285772324,72934.86182080494,71215.45849653007,69630.27913014895,2026-01-25T06:00:00Z,bundle-eeb56699bbd7be292bcc3a4a,True
2026-01-25T06:00:00Z,NYISO_NYC_J,6071.9938,6071.9938,259.0,0.0,7054.87155,358.53,5772.159136609216,5696.09793884795,5713.593950543725,5772.159136609216,5696.09793884795,5713.593950543725,2026-01-25T06:00:00Z,bundle-3d1aa5767e9b8ebe5d5ca385,True
2026-01-25T06:00:00Z,SPP_NORTH_HUB,42140.0,30204.0,11936.0,0.0,41569.45,277.9257,41374.23657559248,40824.79911755275,40423.74653732994,26632.3904599757,26994.003412968996,26941.27661064909,2026-01-25T06:00:00Z,bundle-a3ca3c9b85e91f0d1403bb34,True
2026-01-25T07:00:00Z,CAISO_NP15,23243.0,22964.0,279.0,0.0,32722.8,56.1835,22284.741102680826,21364.10873608869,21056.739550659375,22150.278457342905,22042.589303960234,22019.515523795562,2026-01-25T07:00:00Z,bundle-92b8af8061ee107b6f0df816,True
2026-01-25T07:00:00Z,ERCOT_LZ_NORTH,66272.92136,54662.43694537499,11610.395432300002,0.088982325,71754.41932255,453.29,60340.28828917626,60011.06114093024,61075.662561189776,49127.22399688911,47708.425457355814,47213.93278554747,2026-01-25T07:00:00Z,bundle-4a8b776092d7747b75f569aa,True
2026-01-25T07:00:00Z,ISONE_NEMA,16828.0,15976.0,847.0,5.0,17608.25,425.23,15323.2067299879,15442.279740266273,15756.209978702445,14176.497811618901,14311.749711986202,14760.967924771585,2026-01-25T07:00:00Z,bundle-61a124b4646e1366820cd898,True
2026-01-25T07:00:00Z,MISO_MINN_HUB,85263.0,79456.0,5805.0,2.0,91510.75,488.23,84329.79403033105,82995.21285772324,82086.25274815033,71215.45849653007,69630.27913014895,67995.57866929728,2026-01-25T07:00:00Z,bundle-eeb56699bbd7be292bcc3a4a,True
2026-01-25T07:00:00Z,NYISO_NYC_J,5920.2226,5920.2226,325.0,0.0,7054.87155,348.92,5696.09793884795,5713.593950543725,5807.0572397961205,5696.09793884795,5713.593950543725,5807.0572397961205,2026-01-25T07:00:00Z,bundle-3d1aa5767e9b8ebe5d5ca385,True
2026-01-25T07:00:00Z,SPP_NORTH_HUB,41757.0,29035.0,12722.0,0.0,41569.45,268.6855,40824.79911755275,40423.74653732994,40461.1767271346,26994.003412968996,26941.27661064909,25772.51547781155,2026-01-25T07:00:00Z,bundle-a3ca3c9b85e91f0d1403bb34,True
2026-01-25T08:00:00Z,CAISO_NP15,22414.0,22107.0,307.0,0.0,32722.8,58.90328,21364.10873608869,21056.739550659375,20592.003208313297,22042.589303960234,22019.515523795562,21530.54483285491,2026-01-25T08:00:00Z,bundle-92b8af8061ee107b6f0df816,True
2026-01-25T08:00:00Z,ERCOT_LZ_NORTH,66216.831966,55341.71964958611,10875.022710763888,0.0896056499999999,71754.41932255,433.84,60011.06114093024,61075.662561189776,62079.49534282238,47708.425457355814,47213.93278554747,46606.128901626784,2026-01-25T08:00:00Z,bundle-4a8b776092d7747b75f569aa,True
2026-01-25T08:00:00Z,ISONE_NEMA,16690.0,15869.0,816.0,5.0,17608.25,418.38,15442.279740266273,15756.209978702445,15651.14885725157,14311.749711986202,14760.967924771585,14650.663076343173,2026-01-25T08:00:00Z,bundle-61a124b4646e1366820cd898,True
2026-01-25T08:00:00Z,MISO_MINN_HUB,84459.0,78581.0,5877.0,1.0,91510.75,461.81,82995.21285772324,82086.25274815033,83416.11216163183,69630.27913014895,67995.57866929728,74519.39520308311,2026-01-25T08:00:00Z,bundle-eeb56699bbd7be292bcc3a4a,True
2026-01-25T08:00:00Z,NYISO_NYC_J,5824.7591,5824.7591,447.0,0.0,7054.87155,332.82,5713.593950543725,5807.0572397961205,5948.626701463409,5713.593950543725,5807.0572397961205,5948.626701463409,2026-01-25T08:00:00Z,bundle-3d1aa5767e9b8ebe5d5ca385,True
2026-01-25T08:00:00Z,SPP_NORTH_HUB,41513.0,28081.0,13432.0,0.0,41569.45,264.0408,40423.74653732994,40461.1767271346,40847.56930824811,26941.27661064909,25772.51547781155,25448.96560010552,2026-01-25T08:00:00Z,bundle-a3ca3c9b85e91f0d1403bb34,True
2026-01-25T09:00:00Z,CAISO_NP15,22344.0,21954.0,390.0,0.0,32722.8,61.27171,21056.739550659375,20592.003208313297,20253.492730133155,22019.515523795562,21530.54483285491,20701.861202119606,2026-01-25T09:00:00Z,bundle-92b8af8061ee107b6f0df816,True
2026-01-25T09:00:00Z,ERCOT_LZ_NORTH,66770.328389,55314.43818616945,11455.796979627778,0.0932232027777777,71754.41932255,472.73,61075.662561189776,62079.49534282238,63669.37116723722,47213.93278554747,46606.128901626784,46784.365173048995,2026-01-25T09:00:00Z,bundle-4a8b776092d7747b75f569aa,True
2026-01-25T09:00:00Z,ISONE_NEMA,16641.0,15900.0,737.0,4.0,17608.25,419.46,15756.209978702445,15651.14885725157,15652.371013835727,14760.967924771585,14650.663076343173,14591.361913989225,2026-01-25T09:00:00Z,bundle-61a124b4646e1366820cd898,True
2026-01-25T09:00:00Z,MISO_MINN_HUB,84165.0,78380.0,5784.0,1.0,91510.75,412.09,82086.25274815033,83416.11216163183,84801.22005162525,67995.57866929728,74519.39520308311,75826.54767014735,2026-01-25T09:00:00Z,bundle-eeb56699bbd7be292bcc3a4a,True
2026-01-25T09:00:00Z,NYISO_NYC_J,5784.5579,5784.5579,538.0,0.0,7054.87155,336.92,5807.0572397961205,5948.626701463409,6125.847930745564,5807.0572397961205,5948.626701463409,6125.847930745564,2026-01-25T09:00:00Z,bundle-3d1aa5767e9b8ebe5d5ca385,True
2026-01-25T09:00:00Z,SPP_NORTH_HUB,41390.0,27889.0,13501.0,0.0,41569.45,272.9657,40461.1767271346,40847.56930824811,41269.5057105432,25772.51547781155,25448.96560010552,25965.094374763947,2026-01-25T09:00:00Z,bundle-a3ca3c9b85e91f0d1403bb34,True
2026-01-25T10:00:00Z,CAISO_NP15,21562.0,21125.0,437.0,0.0,32722.8,55.79004,20592.003208313297,20253.492730133155,20568.019001918816,21530.54483285491,20701.861202119606,20000.112266051,2026-01-25T10:00:00Z,bundle-92b8af8061ee107b6f0df816,True
2026-01-25T10:00:00Z,ERCOT_LZ_NORTH,67667.08469,55982.91270360278,11684.100356958335,0.0716294388888889,71754.41932255,477.87,62079.49534282238,63669.37116723722,66183.11196789796,46606.128901626784,46784.365173048995,46294.00422455593,2026-01-25T10:00:00Z,bundle-4a8b776092d7747b75f569aa,True
2026-01-25T10:00:00Z,ISONE_NEMA,16630.0,15928.0,698.0,4.0,17608.25,395.4,15651.14885725157,15652.371013835727,15813.019765865645,14650.663076343173,14591.361913989225,14760.011437758169,2026-01-25T10:00:00Z,bundle-61a124b4646e1366820cd898,True
2026-01-25T10:00:00Z,MISO_MINN_HUB,84045.0,78808.0,5236.0,1.0,91510.75,416.49,83416.11216163183,84801.22005162525,85743.61548642803,74519.39520308311,75826.54767014735,76639.2577912318,2026-01-25T10:00:00Z,bundle-eeb56699bbd7be292bcc3a4a,True
2026-01-25T10:00:00Z,NYISO_NYC_J,5837.4494,5837.4494,562.0,0.0,7054.87155,354.81,5948.626701463409,6125.847930745564,6311.86874276483,5948.626701463409,6125.847930745564,6311.86874276483,2026-01-25T10:00:00Z,bundle-3d1aa5767e9b8ebe5d5ca385,True
2026-01-25T10:00:00Z,SPP_NORTH_HUB,41376.0,27854.0,13522.0,0.0,41569.45,256.1071,40847.56930824811,41269.5057105432,41697.474777307354,25448.96560010552,25965.094374763947,27134.755749433694,2026-01-25T10:00:00Z,bundle-a3ca3c9b85e91f0d1403bb34,True
2026-01-25T11:00:00Z,CAISO_NP15,20721.0,20284.0,437.0,0.0,32722.8,61.03996,20253.492730133155,20568.019001918816,20923.638730855546,20701.861202119606,20000.112266051,19059.445865032285,2026-01-25T11:00:00Z,bundle-92b8af8061ee107b6f0df816,True
2026-01-25T11:00:00Z,ERCOT_LZ_NORTH,68704.562682,57828.978015408335,10875.47499736111,0.1096692305555555,71754.41932255,636.84,63669.37116723722,66183.11196789796,68461.30817003101,46784.365173048995,46294.00422455593,45740.06271770809,2026-01-25T11:00:00Z,bundle-4a8b776092d7747b75f569aa,True
2026-01-25T11:00:00Z,ISONE_NEMA,16539.0,15901.0,634.0,4.0,17608.25,482.65,15652.371013835727,15813.019765865645,15907.275301159667,14591.361913989225,14760.011437758169,14865.065010409462,2026-01-25T11:00:00Z,bundle-61a124b4646e1366820cd898,True
2026-01-25T11:00:00Z,MISO_MINN_HUB,84393.0,79192.0,5200.0,1.0,91510.75,401.43,84801.22005162525,85743.61548642803,86856.82292327049,75826.54767014735,76639.2577912318,78161.85158619029,2026-01-25T11:00:00Z,bundle-eeb56699bbd7be292bcc3a4a,True
2026-01-25T11:00:00Z,NYISO_NYC_J,5968.1357,5968.1357,597.0,0.0,7054.87155,414.02,6125.847930745564,6311.86874276483,6517.3757305324725,6125.847930745564,6311.86874276483,6517.3757305324725,2026-01-25T11:00:00Z,bundle-3d1aa5767e9b8ebe5d5ca385,True
2026-01-25T11:00:00Z,SPP_NORTH_HUB,41481.0,28139.0,13342.0,0.0,41569.45,259.6715,41269.5057105432,41697.474777307354,42139.317863143195,25965.094374763947,27134.755749433694,28268.54393521847,2026-01-25T11:00:00Z,bundle-a3ca3c9b85e91f0d1403bb34,True
2026-01-25T12:00:00Z,CAISO_NP15,20909.0,20427.0,482.0,0.0,32722.8,57.75579,20568.019001918816,20923.638730855546,20971.03529437456,20000.112266051,19059.445865032285,17579.430436641174,2026-01-25T12:00:00Z,bundle-92b8af8061ee107b6f0df816,True
2026-01-25T12:00:00Z,ERCOT_LZ_NORTH,70136.395256,59392.87317514167,10743.333215555553,0.1888653027777777,71754.41932255,414.92,66183.11196789796,68461.30817003101,70262.64429709785,46294.00422455593,45740.06271770809,46908.39158340036,2026-01-25T12:00:00Z,bundle-4a8b776092d7747b75f569aa,True
2026-01-25T12:00:00Z,ISONE_NEMA,16760.0,16181.0,575.0,4.0,17608.25,455.03,15813.019765865645,15907.275301159667,16009.785924932718,14760.011437758169,14865.065010409462,14923.49510498993,2026-01-25T12:00:00Z,bundle-61a124b4646e1366820cd898,True
2026-01-25T12:00:00Z,MISO_MINN_HUB,85370.0,80201.0,5168.0,1.0,91510.75,406.2,85743.61548642803,86856.82292327049,88295.67083307073,76639.2577912318,78161.85158619029,79408.96447829358,2026-01-25T12:00:00Z,bundle-eeb56699bbd7be292bcc3a4a,True
2026-01-25T12:00:00Z,NYISO_NYC_J,6134.8012,6134.8012,813.0,0.0,7054.87155,379.34,6311.86874276483,6517.3757305324725,6746.772381760114,6311.86874276483,6517.3757305324725,6746.772381760114,2026-01-25T12:00:00Z,bundle-3d1aa5767e9b8ebe5d5ca385,True
2026-01-25T12:00:00Z,SPP_NORTH_HUB,41720.0,28608.0,13112.0,0.0,41569.45,272.9934,41697.474777307354,42139.317863143195,42614.236359856885,27134.755749433694,28268.54393521847,29246.22595592274,2026-01-25T12:00:00Z,bundle-a3ca3c9b85e91f0d1403bb34,True
2026-01-25T13:00:00Z,CAISO_NP15,20628.0,20193.0,435.0,0.0,32722.8,60.03864,20923.638730855546,20971.03529437456,21870.748720714826,19059.445865032285,17579.430436641174,16648.71607516685,2026-01-25T13:00:00Z,bundle-92b8af8061ee107b6f0df816,True
2026-01-25T13:00:00Z,ERCOT_LZ_NORTH,71379.525654,60989.52059802222,10291.644979352775,98.360076625,71754.41932255,451.69,68461.30817003101,70262.64429709785,72142.95126395127,45740.06271770809,46908.39158340036,48000.1410925978,2026-01-25T13:00:00Z,bundle-4a8b776092d7747b75f569aa,True
2026-01-25T13:00:00Z,ISONE_NEMA,17163.0,16613.0,539.0,11.0,17608.25,501.67,15907.275301159667,16009.785924932718,16125.829611888843,14865.065010409462,14923.49510498993,15109.641183773614,2026-01-25T13:00:00Z,bundle-61a124b4646e1366820cd898,True
2026-01-25T13:00:00Z,MISO_MINN_HUB,86664.0,81342.0,5321.0,1.0,91510.75,517.13,86856.82292327049,88295.67083307073,90152.55349655858,78161.85158619029,79408.96447829358,80498.96055421917,2026-01-25T13:00:00Z,bundle-eeb56699bbd7be292bcc3a4a,True
2026-01-25T13:00:00Z,NYISO_NYC_J,6364.9745,6364.9745,885.0,0.0,7054.87155,379.67,6517.3757305324725,6746.772381760114,6926.637169768902,6517.3757305324725,6746.772381760114,6926.637169768902,2026-01-25T13:00:00Z,bundle-3d1aa5767e9b8ebe5d5ca385,True
2026-01-25T13:00:00Z,SPP_NORTH_HUB,42212.0,29636.0,12576.0,0.0,41569.45,290.3126,42139.317863143195,42614.236359856885,43115.70054452929,28268.54393521847,29246.22595592274,30191.1225461735,2026-01-25T13:00:00Z,bundle-a3ca3c9b85e91f0d1403bb34,True
2026-01-25T14:00:00Z,CAISO_NP15,21190.0,20916.0,274.0,0.0,32722.8,55.5459,20971.03529437456,21870.748720714826,22694.25901970537,17579.430436641174,16648.71607516685,15622.02402490506,2026-01-25T14:00:00Z,bundle-92b8af8061ee107b6f0df816,True
2026-01-25T14:00:00Z,ERCOT_LZ_NORTH,72017.276001,58473.45104900278,10620.162486991669,2923.6624650055555,71754.41932255,491.83,70262.64429709785,72142.95126395127,73437.07491344876,46908.39158340036,48000.1410925978,50127.57281164409,2026-01-25T14:00:00Z,bundle-4a8b776092d7747b75f569aa,True
2026-01-25T14:00:00Z,ISONE_NEMA,17653.0,17231.0,374.0,48.0,17608.25,455.36,16009.785924932718,16125.829611888843,16804.96961984156,14923.49510498993,15109.641183773614,15793.03002820867,2026-01-25T14:00:00Z,bundle-61a124b4646e1366820cd898,True
2026-01-25T14:00:00Z,MISO_MINN_HUB,87782.0,81993.0,5720.0,69.0,91510.75,462.68,88295.67083307073,90152.55349655858,91702.52393239849,79408.96447829358,80498.96055421917,81679.08689131559,2026-01-25T14:00:00Z,bundle-eeb56699bbd7be292bcc3a4a,True
2026-01-25T14:00:00Z,NYISO_NYC_J,6658.6399,6658.6399,937.0,0.0,7054.87155,389.71,6746.772381760114,6926.637169768902,7108.719913068038,6746.772381760114,6926.637169768902,7108.719913068038,2026-01-25T14:00:00Z,bundle-3d1aa5767e9b8ebe5d5ca385,True
2026-01-25T14:00:00Z,SPP_NORTH_HUB,42765.0,30247.0,12514.0,4.0,41569.45,295.9696,42614.236359856885,43115.70054452929,43803.45496264439,29246.22595592274,30191.1225461735,31467.009658701012,2026-01-25T14:00:00Z,bundle-a3ca3c9b85e91f0d1403bb34,True
2026-01-25T15:00:00Z,CAISO_NP15,22022.0,21740.0,281.0,1.0,32722.8,68.17687,21870.748720714826,22694.25901970537,23342.344625384205,16648.71607516685,15622.02402490506,14471.652939882308,2026-01-25T15:00:00Z,bundle-92b8af8061ee107b6f0df816,True
2026-01-25T15:00:00Z,ERCOT_LZ_NORTH,72956.354181,53658.3483140139,11523.639311611108,7774.366555375,71754.41932255,543.41,72142.95126395127,73437.07491344876,73299.73688648218,48000.1410925978,50127.57281164409,50227.98624916813,2026-01-25T15:00:00Z,bundle-4a8b776092d7747b75f569aa,True
2026-01-25T15:00:00Z,ISONE_NEMA,18372.0,18058.0,235.0,79.0,17608.25,390.29,16125.829611888843,16804.96961984156,17667.828085902456,15109.641183773614,15793.03002820867,16590.86173684623,2026-01-25T15:00:00Z,bundle-61a124b4646e1366820cd898,True
2026-01-25T15:00:00Z,MISO_MINN_HUB,89448.0,81918.0,6447.0,1083.0,91510.75,395.79,90152.55349655858,91702.52393239849,92530.24022526472,80498.96055421917,81679.08689131559,83318.50669426128,2026-01-25T15:00:00Z,bundle-eeb56699bbd7be292bcc3a4a,True
2026-01-25T15:00:00Z,NYISO_NYC_J,6915.2833,6915.2833,1145.0,0.0,7054.87155,414.18,6926.637169768902,7108.719913068038,7338.007591948231,6926.637169768902,7108.719913068038,7338.007591948231,2026-01-25T15:00:00Z,bundle-3d1aa5767e9b8ebe5d5ca385,True
2026-01-25T15:00:00Z,SPP_NORTH_HUB,43242.0,29938.0,13127.0,177.0,41569.45,307.7902,43115.70054452929,43803.45496264439,44415.130773979865,30191.1225461735,31467.009658701012,31924.568564667337,2026-01-25T15:00:00Z,bundle-a3ca3c9b85e91f0d1403bb34,True
2026-01-25T16:00:00Z,CAISO_NP15,22633.0,19280.0,257.0,3096.0,32722.8,45.94,22694.25901970537,23342.344625384205,24410.144029259398,15622.02402490506,14471.652939882308,14299.03801296541,2026-01-25T16:00:00Z,bundle-92b8af8061ee107b6f0df816,True
2026-01-25T16:00:00Z,ERCOT_LZ_NORTH,73533.745998,50547.060148200006,11748.65044763889,11238.035402161107,71754.41932255,780.82,73437.07491344876,73299.73688648218,73517.98849828709,50127.57281164409,50227.98624916813,47663.662800720514,2026-01-25T16:00:00Z,bundle-4a8b776092d7747b75f569aa,True
2026-01-25T16:00:00Z,ISONE_NEMA,19068.0,18780.0,193.0,95.0,17608.25,389.27,16804.96961984156,17667.828085902456,18609.523240690178,15793.03002820867,16590.86173684623,17548.152534449728,2026-01-25T16:00:00Z,bundle-61a124b4646e1366820cd898,True
2026-01-25T16:00:00Z,MISO_MINN_HUB,90233.0,80105.0,7210.0,2918.0,91510.75,370.64,91702.52393239849,92530.24022526472,94282.31435298591,81679.08689131559,83318.50669426128,79975.52563336611,2026-01-25T16:00:00Z,bundle-eeb56699bbd7be292bcc3a4a,True
2026-01-25T16:00:00Z,NYISO_NYC_J,7101.7929,7101.7929,1121.0,0.0,7054.87155,422.38,7108.719913068038,7338.007591948231,7491.1335898549605,7108.719913068038,7338.007591948231,7491.1335898549605,2026-01-25T16:00:00Z,bundle-3d1aa5767e9b8ebe5d5ca385,True
2026-01-25T16:00:00Z,SPP_NORTH_HUB,43279.0,30802.0,11950.0,527.0,41569.45,290.4499,43803.45496264439,44415.130773979865,44611.23995180633,31467.009658701012,31924.568564667337,30538.572626943016,2026-01-25T16:00:00Z,bundle-a3ca3c9b85e91f0d1403bb34,True
2026-01-25T17:00:00Z,CAISO_NP15,25022.0,15440.0,243.0,9339.0,32722.8,44.52229,23342.344625384205,24410.144029259398,25173.491865280033,14471.652939882308,14299.03801296541,13768.217051365911,2026-01-25T17:00:00Z,bundle-92b8af8061ee107b6f0df816,True
2026-01-25T17:00:00Z,ERCOT_LZ_NORTH,72697.855323,49005.51439803888,10634.008479033331,13058.332445927776,71754.41932255,545.8,73299.73688648218,73517.98849828709,73750.1795479888,50227.98624916813,47663.662800720514,48024.571958535336,2026-01-25T17:00:00Z,bundle-4a8b776092d7747b75f569aa,True
2026-01-25T17:00:00Z,ISONE_NEMA,19672.0,19445.0,145.0,82.0,17608.25,387.18,17667.828085902456,18609.523240690178,19430.32360621468,16590.86173684623,17548.152534449728,18368.20086978654,2026-01-25T17:00:00Z,bundle-61a124b4646e1366820cd898,True
2026-01-25T17:00:00Z,MISO_MINN_HUB,90983.0,78732.0,7428.0,4823.0,91510.75,351.9,92530.24022526472,94282.31435298591,94700.8146645939,83318.50669426128,79975.52563336611,78561.90737205587,2026-01-25T17:00:00Z,bundle-eeb56699bbd7be292bcc3a4a,True
2026-01-25T17:00:00Z,NYISO_NYC_J,7222.0682,7222.0682,1146.0,0.0,7054.87155,419.43,7338.007591948231,7491.1335898549605,7518.810120275812,7338.007591948231,7491.1335898549605,7518.810120275812,2026-01-25T17:00:00Z,bundle-3d1aa5767e9b8ebe5d5ca385,True
2026-01-25T17:00:00Z,SPP_NORTH_HUB,42898.0,32057.0,10086.0,755.0,41569.45,299.4665,44415.130773979865,44611.23995180633,44160.89694843546,31924.568564667337,30538.572626943016,30971.481098241755,2026-01-25T17:00:00Z,bundle-a3ca3c9b85e91f0d1403bb34,True
2026-01-25T18:00:00Z,CAISO_NP15,27232.0,15593.0,194.0,11445.0,32722.8,43.69806,24410.144029259398,25173.491865280033,26486.74187035802,14299.03801296541,13768.217051365911,12498.940687955206,2026-01-25T18:00:00Z,bundle-92b8af8061ee107b6f0df816,True
2026-01-25T18:00:00Z,ERCOT_LZ_NORTH,71751.695842,48895.266179225,10119.247468322224,12737.18219445278,71754.41932255,478.12,73517.98849828709,73750.1795479888,71577.58470824381,47663.662800720514,48024.571958535336,50338.76513080564,2026-01-25T18:00:00Z,bundle-4a8b776092d7747b75f569aa,True
2026-01-25T18:00:00Z,ISONE_NEMA,20101.0,19794.0,255.0,52.0,17608.25,387.45,18609.523240690178,19430.32360621468,19993.04126170658,17548.152534449728,18368.20086978654,19019.973861694452,2026-01-25T18:00:00Z,bundle-61a124b4646e1366820cd898,True
2026-01-25T18:00:00Z,MISO_MINN_HUB,90750.0,77521.0,7198.0,6031.0,91510.75,344.47,94282.31435298591,94700.8146645939,94150.16474985486,79975.52563336611,78561.90737205587,77608.3145066723,2026-01-25T18:00:00Z,bundle-eeb56699bbd7be292bcc3a4a,True
2026-01-25T18:00:00Z,NYISO_NYC_J,7250.0506,7250.0506,1153.0,0.0,7054.87155,415.91,7491.1335898549605,7518.810120275812,7465.4277331725,7491.1335898549605,7518.810120275812,7465.4277331725,2026-01-25T18:00:00Z,bundle-3d1aa5767e9b8ebe5d5ca385,True
2026-01-25T18:00:00Z,SPP_NORTH_HUB,42417.0,32680.0,8945.0,792.0,41569.45,262.2553,44611.23995180633,44160.89694843546,43166.33410789455,30538.572626943016,30971.481098241755,32634.796219312266,2026-01-25T18:00:00Z,bundle-a3ca3c9b85e91f0d1403bb34,True
2026-01-25T19:00:00Z,CAISO_NP15,27029.0,15189.0,166.0,11674.0,32722.8,43.7071,25173.491865280033,26486.74187035802,27501.611211479256,13768.217051365911,12498.940687955206,14161.774905368271,2026-01-25T19:00:00Z,bundle-92b8af8061ee107b6f0df816,True
2026-01-25T19:00:00Z,ERCOT_LZ_NORTH,70891.783526,48682.81024208333,10521.844468455554,11687.128815461108,71754.41932255,483.61,73750.1795479888,71577.58470824381,69505.39232870923,48024.571958535336,50338.76513080564,52836.78983844939,2026-01-25T19:00:00Z,bundle-4a8b776092d7747b75f569aa,True
2026-01-25T19:00:00Z,ISONE_NEMA,20279.0,19901.0,338.0,40.0,17608.25,390.5,19430.32360621468,19993.04126170658,20247.42519597687,18368.20086978654,19019.973861694452,19284.376654227322,2026-01-25T19:00:00Z,bundle-61a124b4646e1366820cd898,True
2026-01-25T19:00:00Z,MISO_MINN_HUB,90357.0,76575.0,7410.0,6372.0,91510.75,317.96,94700.8146645939,94150.16474985486,93097.11042175598,78561.90737205587,77608.3145066723,78023.96096285069,2026-01-25T19:00:00Z,bundle-eeb56699bbd7be292bcc3a4a,True
2026-01-25T19:00:00Z,NYISO_NYC_J,7200.2996,7200.2996,1125.0,0.0,7054.87155,414.24,7518.810120275812,7465.4277331725,7295.650544057536,7518.810120275812,7465.4277331725,7295.650544057536,2026-01-25T19:00:00Z,bundle-3d1aa5767e9b8ebe5d5ca385,True
2026-01-25T19:00:00Z,SPP_NORTH_HUB,41787.0,32156.0,8822.0,809.0,41569.45,250.5842,44160.89694843546,43166.33410789455,42427.09288030319,30971.481098241755,32634.796219312266,32478.45573631312,2026-01-25T19:00:00Z,bundle-a3ca3c9b85e91f0d1403bb34,True
2026-01-25T20:00:00Z,CAISO_NP15,26991.0,15069.0,124.0,11798.0,32722.8,41.84589,26486.74187035802,27501.611211479256,26497.898275998537,12498.940687955206,14161.774905368271,16637.94022528804,2026-01-25T20:00:00Z,bundle-92b8af8061ee107b6f0df816,True
2026-01-25T20:00:00Z,ERCOT_LZ_NORTH,70394.535613,49426.03480290833,10806.84084159722,10161.659968494443,71754.41932255,448.03,71577.58470824381,69505.39232870923,68888.30636493977,50338.76513080564,52836.78983844939,54103.44083277127,2026-01-25T20:00:00Z,bundle-4a8b776092d7747b75f569aa,True
2026-01-25T20:00:00Z,ISONE_NEMA,20190.0,19798.0,368.0,24.0,17608.25,394.59,19993.04126170658,20247.42519597687,20194.97211234558,19019.973861694452,19284.376654227322,19206.903680635543,2026-01-25T20:00:00Z,bundle-61a124b4646e1366820cd898,True
2026-01-25T20:00:00Z,MISO_MINN_HUB,90012.0,75919.0,8095.0,5998.0,91510.75,288.9,94150.16474985486,93097.11042175598,91739.83841697412,77608.3145066723,78023.96096285069,77929.79627832535,2026-01-25T20:00:00Z,bundle-eeb56699bbd7be292bcc3a4a,True
2026-01-25T20:00:00Z,NYISO_NYC_J,7129.605,7129.605,1051.0,0.0,7054.87155,445.55,7465.4277331725,7295.650544057536,7051.019041981069,7465.4277331725,7295.650544057536,7051.019041981069,2026-01-25T20:00:00Z,bundle-3d1aa5767e9b8ebe5d5ca385,True
2026-01-25T20:00:00Z,SPP_NORTH_HUB,41058.0,31556.0,8703.0,799.0,41569.45,241.846,43166.33410789455,42427.09288030319,41836.56868224933,32634.796219312266,32478.45573631312,30324.1888398581,2026-01-25T20:00:00Z,bundle-a3ca3c9b85e91f0d1403bb34,True
2026-01-25T21:00:00Z,CAISO_NP15,17438.0,5516.0,124.0,11798.0,32722.8,43.36,27501.611211479256,26497.898275998537,25859.96887198856,14161.774905368271,16637.94022528804,18150.234999647604,2026-01-25T21:00:00Z,bundle-92b8af8061ee107b6f0df816,True
2026-01-25T21:00:00Z,ERCOT_LZ_NORTH,70072.633259,51203.180832424994,10707.214184488888,8162.23824208611,71754.41932255,343.26,69505.39232870923,68888.30636493977,68857.16312022378,52836.78983844939,54103.44083277127,55537.76916469725,2026-01-25T21:00:00Z,bundle-4a8b776092d7747b75f569aa,True
2026-01-25T21:00:00Z,ISONE_NEMA,19855.0,19444.0,401.0,10.0,17608.25,525.63,20247.42519597687,20194.97211234558,19635.234289298423,19284.376654227322,19206.903680635543,18775.27966838648,2026-01-25T21:00:00Z,bundle-61a124b4646e1366820cd898,True
2026-01-25T21:00:00Z,MISO_MINN_HUB,89755.0,74995.0,9039.0,5721.0,91510.75,329.48,93097.11042175598,91739.83841697412,91380.16627125595,78023.96096285069,77929.79627832535,77834.55980119182,2026-01-25T21:00:00Z,bundle-eeb56699bbd7be292bcc3a4a,True
2026-01-25T21:00:00Z,NYISO_NYC_J,7127.9201,7127.9201,1192.0,0.0,7054.87155,384.06,7295.650544057536,7051.019041981069,6855.9904773360295,7295.650544057536,7051.019041981069,6855.9904773360295,2026-01-25T21:00:00Z,bundle-3d1aa5767e9b8ebe5d5ca385,True
2026-01-25T21:00:00Z,SPP_NORTH_HUB,40479.0,31526.0,8179.0,774.0,41569.45,266.0757,42427.09288030319,41836.56868224933,41183.946915499655,32478.45573631312,30324.1888398581,28658.590166481506,2026-01-25T21:00:00Z,bundle-a3ca3c9b85e91f0d1403bb34,True
2026-01-25T22:00:00Z,CAISO_NP15,25562.0,12076.0,34.0,13452.0,32722.8,45.38376,26497.898275998537,25859.96887198856,21578.323532416143,16637.94022528804,18150.234999647604,16657.729523432878,2026-01-25T22:00:00Z,bundle-92b8af8061ee107b6f0df816,True
2026-01-25T22:00:00Z,ERCOT_LZ_NORTH,70513.552213,55215.61366608333,10080.569866316666,5217.3686806000005,71754.41932255,377.78,68888.30636493977,68857.16312022378,68747.8734034933,54103.44083277127,55537.76916469725,56199.71000725195,2026-01-25T22:00:00Z,bundle-4a8b776092d7747b75f569aa,True
2026-01-25T22:00:00Z,ISONE_NEMA,19856.0,19416.0,436.0,4.0,17608.25,528.08,20194.97211234558,19635.234289298423,18728.82940913618,19206.903680635543,18775.27966838648,17968.178220516013,2026-01-25T22:00:00Z,bundle-61a124b4646e1366820cd898,True
2026-01-25T22:00:00Z,MISO_MINN_HUB,90097.0,75022.0,9978.0,5097.0,91510.75,349.87,91739.83841697412,91380.16627125595,90596.7807241483,77929.79627832535,77834.55980119182,76273.63123808397,2026-01-25T22:00:00Z,bundle-eeb56699bbd7be292bcc3a4a,True
2026-01-25T22:00:00Z,NYISO_NYC_J,7197.4042,7197.4042,1257.0,0.0,7054.87155,446.17,7051.019041981069,6855.9904773360295,6682.766560032267,7051.019041981069,6855.9904773360295,6682.766560032267,2026-01-25T22:00:00Z,bundle-3d1aa5767e9b8ebe5d5ca385,True
2026-01-25T22:00:00Z,SPP_NORTH_HUB,40375.0,32026.0,7584.0,765.0,41569.45,300.2791,41836.56868224933,41183.946915499655,40719.9768782611,30324.1888398581,28658.590166481506,28470.02426352412,2026-01-25T22:00:00Z,bundle-a3ca3c9b85e91f0d1403bb34,True
2026-01-25T23:00:00Z,CAISO_NP15,23653.0,11697.0,45.0,11911.0,32722.8,58.95997,25859.96887198856,21578.323532416143,25113.843262834314,18150.234999647604,16657.729523432878,19710.19833559051,2026-01-25T23:00:00Z,bundle-92b8af8061ee107b6f0df816,True
2026-01-25T23:00:00Z,ERCOT_LZ_NORTH,72429.521517,61680.660714716665,8674.504853519444,2074.355948763889,71754.41932255,681.56,68857.16312022378,68747.8734034933,69229.57007100467,55537.76916469725,56199.71000725195,56399.05322102942,2026-01-25T23:00:00Z,bundle-4a8b776092d7747b75f569aa,True
2026-01-25T23:00:00Z,ISONE_NEMA,19996.0,19530.0,462.0,4.0,17608.25,549.82,19635.234289298423,18728.82940913618,18341.57278839314,18775.27966838648,17968.178220516013,17677.925735946454,2026-01-25T23:00:00Z,bundle-61a124b4646e1366820cd898,True
2026-01-25T23:00:00Z,MISO_MINN_HUB,91558.0,78580.0,10900.0,2078.0,91510.75,441.14,91380.16627125595,90596.7807241483,90222.16589342413,77834.55980119182,76273.63123808397,74941.28153374998,2026-01-25T23:00:00Z,bundle-eeb56699bbd7be292bcc3a4a,True
2026-01-25T23:00:00Z,NYISO_NYC_J,7157.5993,7157.5993,1264.0,0.0,7054.87155,429.25,6855.9904773360295,6682.766560032267,6624.642234147624,6855.9904773360295,6682.766560032267,6624.642234147624,2026-01-25T23:00:00Z,bundle-3d1aa5767e9b8ebe5d5ca385,True
2026-01-25T23:00:00Z,SPP_NORTH_HUB,40951.0,33302.0,7097.0,552.0,41569.45,344.8322,41183.946915499655,40719.9768782611,40881.39389069279,28658.590166481506,28470.02426352412,28989.200148205364,2026-01-25T23:00:00Z,bundle-a3ca3c9b85e91f0d1403bb34,True
2026-01-26T00:00:00Z,CAISO_NP15,22778.0,14440.0,26.0,8312.0,32722.8,67.91054,21578.323532416143,25113.843262834314,28907.211776942204,16657.729523432878,19710.19833559051,25427.08981578146,2026-01-26T00:00:00Z,bundle-fb149076bdf7e2c200fd0ff3,True
2026-01-26T00:00:00Z,ERCOT_LZ_NORTH,74287.726262,66668.78408822222,7584.027105041668,34.915068736111124,71754.41932255,1183.59,68747.8734034933,69229.57007100467,72015.77152909123,56199.71000725195,56399.05322102942,60073.55094510543,2026-01-26T00:00:00Z,bundle-ed73ebca62f6d36fc80bf441,True
2026-01-26T00:00:00Z,ISONE_NEMA,19667.0,19181.0,482.0,4.0,17608.25,533.3,18728.82940913618,18341.57278839314,18660.951689717003,17968.178220516013,17677.925735946454,18073.907778266366,2026-01-26T00:00:00Z,bundle-b5f8a50a2979b87536fe36e6,True
2026-01-26T00:00:00Z,MISO_MINN_HUB,95040.0,83500.0,11439.0,101.0,91510.75,461.27,90596.7807241483,90222.16589342413,90561.95531513548,76273.63123808397,74941.28153374998,77609.52761767225,2026-01-26T00:00:00Z,bundle-862f347b5a56969151c50dbb,True
2026-01-26T00:00:00Z,NYISO_NYC_J,7074.7957,7074.7957,1191.0,0.0,7054.87155,404.19,6682.766560032267,6624.642234147624,6444.962993549649,6682.766560032267,6624.642234147624,6444.962993549649,2026-01-26T00:00:00Z,bundle-868666d5ac96d21b798fb18a,True
2026-01-26T00:00:00Z,SPP_NORTH_HUB,42365.0,35511.0,6721.0,133.0,41569.45,317.6239,40719.9768782611,40881.39389069279,41700.633228761835,28470.02426352412,28989.200148205364,30194.27021253763,2026-01-26T00:00:00Z,bundle-5fe8e3cd58b2c137b88949eb,True
2026-01-26T01:00:00Z,CAISO_NP15,23611.0,21513.0,37.0,2061.0,32722.8,73.73617,25113.843262834314,28907.211776942204,24118.686393280215,19710.19833559051,25427.08981578146,23311.501585957227,2026-01-26T01:00:00Z,bundle-aa1d5f6ff7b5f413374fc65d,True
2026-01-26T01:00:00Z,ERCOT_LZ_NORTH,74161.945945,67071.83155193889,7089.86509056389,0.2493024972222222,71754.41932255,1232.8,69229.57007100467,72015.77152909123,73670.42591367406,56399.05322102942,60073.55094510543,62227.86553242873,2026-01-26T01:00:00Z,bundle-7e8d1eab0b4ccf59d98d39a6,True
2026-01-26T01:00:00Z,ISONE_NEMA,19107.0,18568.0,535.0,4.0,17608.25,501.29,18341.57278839314,18660.951689717003,18303.185025188555,17677.925735946454,18073.907778266366,17780.673573992288,2026-01-26T01:00:00Z,bundle-b0a6107aae380939eb609929,True
2026-01-26T01:00:00Z,MISO_MINN_HUB,96183.0,83059.0,13114.0,10.0,91510.75,411.94,90222.16589342413,90561.95531513548,93272.62569363475,74941.28153374998,77609.52761767225,82308.01551917897,2026-01-26T01:00:00Z,bundle-131b6b96e1ba3f30942d62be,True
2026-01-26T01:00:00Z,NYISO_NYC_J,6937.7491,6937.7491,968.0,0.0,7054.87155,368.56,6624.642234147624,6444.962993549649,6188.980169358343,6624.642234147624,6444.962993549649,6188.980169358343,2026-01-26T01:00:00Z,bundle-84db145e9f23be9bcc68e8b4,True
2026-01-26T01:00:00Z,SPP_NORTH_HUB,43579.0,36266.0,7312.0,1.0,41569.45,312.977,40881.39389069279,41700.633228761835,43282.38456845736,28989.200148205364,30194.27021253763,32452.68514568168,2026-01-26T01:00:00Z,bundle-396732bc4e60888bf835c5b8,True
2026-01-26T02:00:00Z,CAISO_NP15,25593.0,25518.0,75.0,0.0,32722.8,68.27692,28907.211776942204,24118.686393280215,24687.573724598573,25427.08981578146,23311.501585957227,25897.86801237653,2026-01-26T02:00:00Z,bundle-cfaf967bb80e78ac966a51e7,True
2026-01-26T02:00:00Z,ERCOT_LZ_NORTH,73821.282711,67698.04056034723,6123.055704847222,0.1864458055555555,71754.41932255,1383.36,72015.77152909123,73670.42591367406,71080.54394550016,60073.55094510543,62227.86553242873,59448.23732109567,2026-01-26T02:00:00Z,bundle-5f25b1c335f0a9df6ae0ae11,True
2026-01-26T02:00:00Z,ISONE_NEMA,18377.0,17739.0,634.0,4.0,17608.25,395.93,18660.951689717003,18303.185025188555,17688.607179853352,18073.907778266366,17780.673573992288,17216.377876910108,2026-01-26T02:00:00Z,bundle-88aa466bc4f71d4851fc6f67,True
2026-01-26T02:00:00Z,MISO_MINN_HUB,95497.0,80508.0,14978.0,11.0,91510.75,388.72,90561.95531513548,93272.62569363475,92611.64658187586,77609.52761767225,82308.01551917897,78921.11106976902,2026-01-26T02:00:00Z,bundle-a57071ee02aaff7200bb3928,True
2026-01-26T02:00:00Z,NYISO_NYC_J,6744.0011,6744.0011,783.0,0.0,7054.87155,330.1,6444.962993549649,6188.980169358343,5991.720581127644,6444.962993549649,6188.980169358343,5991.720581127644,2026-01-26T02:00:00Z,bundle-a25bbce689d428632d262c9d,True
2026-01-26T02:00:00Z,SPP_NORTH_HUB,43647.0,34889.0,8758.0,0.0,41569.45,296.2973,41700.633228761835,43282.38456845736,44103.9062569377,30194.27021253763,32452.68514568168,32510.902919638553,2026-01-26T02:00:00Z,bundle-937f42886d291532064ac25d,True
