timestamp_utc,market_id,gross_demand_mw,wind_mw,solar_mw,net_load_mw,market_scale_mw,forecast_gross_h1_mw,forecast_gross_h2_mw,forecast_gross_h3_mw,forecast_net_h1_mw,forecast_net_h2_mw,forecast_net_h3_mw,forecast_issue_time_utc,forecast_vintage_id,quality_ok
2025-01-08 21:00:00+00:00,CAISO_NP15,23802,1613,11847,10342,33983.0,23853.044310890404,24058.740402870983,24391.4112879901,10532.643636875615,12607.046024324241,14783.49094996924,2025-01-08T21:00:00Z,causal-ridge-shortlag-v2,True
2025-01-08 21:00:00+00:00,MISO_MINN_HUB,83919,9427,4398,70094,101249.75,84940.94882730216,85874.4374909573,86655.0009770083,72558.51715151116,74586.13264546309,75726.81518350769,2025-01-08T21:00:00Z,causal-ridge-shortlag-v2,True
2025-01-08 21:00:00+00:00,SPP_NORTH_HUB,36605,8175,336,28094,46366.75,36632.55805354215,36869.80501402506,37246.68297148573,27437.35537366655,27270.04660131009,27374.03199709424,2025-01-08T21:00:00Z,causal-ridge-shortlag-v2,True
2025-01-08 21:00:00+00:00,ISONE_NEMA,18162,1080,17,17065,18007.25,19048.14293670471,19300.73657070771,19018.003973249295,18046.54012286294,18353.567021802693,18091.756596235908,2025-01-08T21:00:00Z,causal-ridge-shortlag-v2,True
2025-01-08 22:00:00+00:00,MISO_MINN_HUB,86818,9873,1256,75689,101249.75,89620.34756930047,91037.95814667715,91467.0131333795,79947.21804969021,82092.08489955662,81883.57343804026,2025-01-08T22:00:00Z,causal-ridge-shortlag-v2,True
2025-01-08 22:00:00+00:00,ISONE_NEMA,18990,1079,7,17904,18007.25,19154.519870767694,18845.79368102143,18219.972370639152,18093.394123873924,17806.099081363005,17197.42416939381,2025-01-08T22:00:00Z,causal-ridge-shortlag-v2,True
2025-01-08 22:00:00+00:00,CAISO_NP15,23784,1674,12634,9476,33983.0,23942.18930434817,24389.30776812977,24942.171327047163,10556.425238792202,13366.580094408626,16309.58712234078,2025-01-08T22:00:00Z,causal-ridge-shortlag-v2,True
2025-01-08 22:00:00+00:00,SPP_NORTH_HUB,37362,9751,185,27426,46366.75,38037.00740048793,38555.590167709546,38909.725551029005,27041.166588084972,26998.22660629536,27153.169271615654,2025-01-08T22:00:00Z,causal-ridge-shortlag-v2,True
2025-01-08 23:00:00+00:00,ISONE_NEMA,18933,1074,7,17852,18007.25,18422.83668136251,17760.294388585753,17001.62563858545,17347.575841292397,16699.688934996437,15965.603172894156,2025-01-08T23:00:00Z,causal-ridge-shortlag-v2,True
2025-01-08 23:00:00+00:00,CAISO_NP15,24242,1530,12681,10031,33983.0,24647.885300415637,25185.48709299068,25683.498855919166,12390.913478781113,15483.9949761046,18371.924332972798,2025-01-08T23:00:00Z,causal-ridge-shortlag-v2,True
2025-01-08 23:00:00+00:00,MISO_MINN_HUB,90776,11493,64,79219,101249.75,93140.0808956768,93914.84469942162,93383.87635961742,80831.25578683066,80026.6428048961,79477.82684075923,2025-01-08T23:00:00Z,causal-ridge-shortlag-v2,True
2025-01-08 23:00:00+00:00,SPP_NORTH_HUB,39009,12185,16,26808,46366.75,40223.67264532252,40879.689550191826,41057.55591096632,26506.466326931826,26442.274261000224,26464.632535345118,2025-01-08T23:00:00Z,causal-ridge-shortlag-v2,True
2025-01-09 00:00:00+00:00,ISONE_NEMA,18687,1069,5,17613,18007.25,18219.030341516816,17532.691830769247,16696.10084584467,17172.054152855817,16514.668673779714,15698.125463062768,2025-01-09T00:00:00Z,causal-ridge-shortlag-v2,True
2025-01-09 00:00:00+00:00,MISO_MINN_HUB,92098,13279,24,78795,101249.75,91771.11108426537,90893.64666425648,89548.67661803479,76955.85751005856,74994.80190807107,73909.0818908763,2025-01-09T00:00:00Z,causal-ridge-shortlag-v2,True
2025-01-09 00:00:00+00:00,CAISO_NP15,23287,1382,9235,12670,33983.0,23258.280698865798,23850.674363528582,24396.297353799775,15890.026069505659,18354.04753420177,20478.06272315295,2025-01-09T00:00:00Z,causal-ridge-shortlag-v2,True
2025-01-09 00:00:00+00:00,SPP_NORTH_HUB,40332,15976,0,24356,46366.75,41083.07408232187,41334.20670093684,41218.6734089712,23031.61507478236,22507.35853247978,22155.751454065867,2025-01-09T00:00:00Z,causal-ridge-shortlag-v2,True
2025-01-09 01:00:00+00:00,CAISO_NP15,23898,1215,1808,20875,33983.0,24782.994616283082,25578.04018489896,25906.355530954716,25546.782381579193,26274.26043261759,26330.8653744149,2025-01-09T01:00:00Z,causal-ridge-shortlag-v2,True
2025-01-09 01:00:00+00:00,MISO_MINN_HUB,91614,14916,24,76674,101249.75,90223.70178915418,88539.34126433864,87133.63582668405,74206.23506379969,72994.43580039154,71189.28392363014,2025-01-09T01:00:00Z,causal-ridge-shortlag-v2,True
2025-01-09 01:00:00+00:00,SPP_NORTH_HUB,40578,17538,0,23040,46366.75,40449.16612795245,40127.41540670643,39663.945140822136,22431.316241209635,22041.971983729774,21530.757203942918,2025-01-09T01:00:00Z,causal-ridge-shortlag-v2,True
2025-01-09 01:00:00+00:00,ISONE_NEMA,18158,1084,3,17071,18007.25,17365.02755088332,16527.40327807379,15821.783276547987,16295.353232361724,15485.548927029748,14813.573394543031,2025-01-09T01:00:00Z,causal-ridge-shortlag-v2,True
2025-01-09 02:00:00+00:00,SPP_NORTH_HUB,40446,18143,0,22303,46366.75,40068.82394752932,39492.593811043465,38818.29726631179,21768.39074515173,21193.40117826433,20584.574846271233,2025-01-09T02:00:00Z,causal-ridge-shortlag-v2,True
2025-01-09 02:00:00+00:00,ISONE_NEMA,17394,1073,3,16318,18007.25,16558.895773695796,15849.224689036037,15343.736077495665,15511.958899414694,14839.482497002491,14374.25230278192,2025-01-09T02:00:00Z,causal-ridge-shortlag-v2,True
2025-01-09 02:00:00+00:00,CAISO_NP15,25769,1181,76,24512,33983.0,26818.489832608484,26942.62654871484,26431.78225238234,24889.90857641521,25841.6745644739,25944.97296498805,2025-01-09T02:00:00Z,causal-ridge-shortlag-v2,True
2025-01-09 02:00:00+00:00,MISO_MINN_HUB,90964,14893,24,76047,101249.75,89800.13530750357,88269.10036020161,86807.26672449705,75276.05278931024,74740.85404889107,72944.53282029273,2025-01-09T02:00:00Z,causal-ridge-shortlag-v2,True
2025-01-09 03:00:00+00:00,MISO_MINN_HUB,89554,15598,24,73932,101249.75,87479.60989027763,85690.64305853004,83978.6672072046,71776.13318283028,69248.70623818782,68074.45629960253,2025-01-09T03:00:00Z,causal-ridge-shortlag-v2,True
2025-01-09 03:00:00+00:00,SPP_NORTH_HUB,39863,17797,0,22066,46366.75,39078.83494055492,38200.008006611446,37327.03616709849,21668.559952951317,21139.97121723867,20585.62650607694,2025-01-09T03:00:00Z,causal-ridge-shortlag-v2,True
2025-01-09 03:00:00+00:00,CAISO_NP15,25993,1181,0,24812,33983.0,25841.178607421458,25587.50113446525,25028.808782545424,24834.677878862214,24472.100454959836,24189.04606510562,2025-01-09T03:00:00Z,causal-ridge-shortlag-v2,True
2025-01-09 03:00:00+00:00,ISONE_NEMA,16304,1081,3,15220,18007.25,15333.270753440416,14733.378826949946,14492.770406850763,14262.811822484757,13696.101877614716,13498.858620743114,2025-01-09T03:00:00Z,causal-ridge-shortlag-v2,True
2025-01-09 04:00:00+00:00,MISO_MINN_HUB,87176,15427,8,71741,101249.75,84805.24481981967,83122.04282324243,82047.3587562738,69913.40796235958,69001.62750390128,68110.8147555862,2025-01-09T04:00:00Z,causal-ridge-shortlag-v2,True
2025-01-09 04:00:00+00:00,CAISO_NP15,25704,1268,0,24436,33983.0,25069.87162057734,24117.674893123476,23010.02983990233,24292.25505066364,23485.279243461384,22869.451259142934,2025-01-09T04:00:00Z,causal-ridge-shortlag-v2,True
2025-01-09 04:00:00+00:00,ISONE_NEMA,15325,1085,3,14237,18007.25,14677.528412136122,14377.679245140213,14355.116216324808,13613.772786096524,13354.238628384506,13370.29449315047,2025-01-09T04:00:00Z,causal-ridge-shortlag-v2,True
2025-01-09 04:00:00+00:00,SPP_NORTH_HUB,38937,18035,0,20902,46366.75,37938.68954238511,36975.91566552815,36161.21309453398,19976.4321277087,19286.48611932539,18806.671690332754,2025-01-09T04:00:00Z,causal-ridge-shortlag-v2,True
2025-01-09 05:00:00+00:00,CAISO_NP15,25325,1272,0,24053,33983.0,24308.67678370075,23112.365711386537,21948.840605019403,23716.030754040657,23093.757455864332,22666.30683548314,2025-01-09T05:00:00Z,causal-ridge-shortlag-v2,True
2025-01-09 05:00:00+00:00,ISONE_NEMA,14715,1090,3,13622,18007.25,14407.870194587302,14354.141955525014,14515.097789027119,13343.93542380564,13325.057090739405,13510.83384155714,2025-01-09T05:00:00Z,causal-ridge-shortlag-v2,True
2025-01-09 05:00:00+00:00,MISO_MINN_HUB,85365,15260,0,70105,101249.75,83755.7204737737,82654.11190223088,82165.25157128496,69048.91270474688,68553.58404749537,67726.73529386643,2025-01-09T05:00:00Z,causal-ridge-shortlag-v2,True
2025-01-09 05:00:00+00:00,SPP_NORTH_HUB,38059,17471,0,20588,46366.75,37145.24296085564,36337.4421413153,35695.23558621079,20218.832771334448,19874.46317563612,19696.063832060652,2025-01-09T05:00:00Z,causal-ridge-shortlag-v2,True
2025-01-09 06:00:00+00:00,CAISO_NP15,24796,1212,0,23584,33983.0,23724.749925010394,22597.15763450812,21640.179875909605,23392.584571657582,22794.04360838276,22425.477276666068,2025-01-09T06:00:00Z,causal-ridge-shortlag-v2,True
2025-01-09 06:00:00+00:00,ISONE_NEMA,14342,1081,3,13258,18007.25,14214.576526384082,14339.976931809517,14650.4530543896,13156.164594502821,13303.681589913585,13625.709745993734,2025-01-09T06:00:00Z,causal-ridge-shortlag-v2,True
2025-01-09 06:00:00+00:00,MISO_MINN_HUB,84075,14278,1,69796,101249.75,83052.42269768019,82555.01765770042,82434.17385179334,69715.25345048,69678.64081268813,69403.36627875129,2025-01-09T06:00:00Z,causal-ridge-shortlag-v2,True
2025-01-09 06:00:00+00:00,SPP_NORTH_HUB,37410,17952,0,19458,46366.75,36797.96924372834,36248.825123895906,35857.3982504557,18738.009462864782,18444.677204844997,18540.234233705498,2025-01-09T06:00:00Z,causal-ridge-shortlag-v2,True
2025-01-09 07:00:00+00:00,SPP_NORTH_HUB,37201,17554,0,19647,46366.75,36930.705739048826,36696.5231922747,36538.700992537495,19823.798221895577,20081.288046978087,20529.339830915254,2025-01-09T07:00:00Z,causal-ridge-shortlag-v2,True
2025-01-09 07:00:00+00:00,MISO_MINN_HUB,83053,15042,1,68010,101249.75,82040.43556553216,81697.62482983085,81839.60557457706,66561.11363108574,65326.20501608695,65220.71969693292,2025-01-09T07:00:00Z,causal-ridge-shortlag-v2,True
2025-01-09 07:00:00+00:00,CAISO_NP15,23499,956,0,22543,33983.0,22200.70803594735,21253.262015989687,20738.037389253135,22273.298468082743,21731.71073532226,21495.977965010214,2025-01-09T07:00:00Z,causal-ridge-shortlag-v2,True
2025-01-09 07:00:00+00:00,ISONE_NEMA,14156,1076,3,13077,18007.25,14212.770711423913,14483.977433375438,14854.185511061809,13146.020028533543,13423.752404520186,13787.942683058558,2025-01-09T07:00:00Z,causal-ridge-shortlag-v2,True
2025-01-09 08:00:00+00:00,ISONE_NEMA,14155,1076,3,13076,18007.25,14360.222214056706,14711.761731715811,15090.702811275047,13281.825602046443,13624.777079620255,13982.00640981385,2025-01-09T08:00:00Z,causal-ridge-shortlag-v2,True
2025-01-09 08:00:00+00:00,SPP_NORTH_HUB,37055,17380,0,19675,46366.75,36966.84360130129,36911.80706966491,36943.753248576155,19922.462196823904,20332.205975094883,20941.829442193037,2025-01-09T08:00:00Z,causal-ridge-shortlag-v2,True
2025-01-09 08:00:00+00:00,MISO_MINN_HUB,82556,14402,1,68153,101249.75,82465.70648976884,82771.97597177065,83565.22150965467,68442.88998924487,69336.94582767879,69132.63783358381,2025-01-09T08:00:00Z,causal-ridge-shortlag-v2,True
2025-01-09 08:00:00+00:00,CAISO_NP15,22374,969,0,21405,33983.0,21338.32729921461,20742.295832160795,20724.647061333264,21335.19154698185,20880.626400455072,20820.010270396568,2025-01-09T08:00:00Z,causal-ridge-shortlag-v2,True
2025-01-09 09:00:00+00:00,MISO_MINN_HUB,83123,13992,1,69130,101249.75,83795.06300613817,84572.20306808384,85354.41757774362,69656.71122497905,69520.77785231663,69319.4017123613,2025-01-09T09:00:00Z,causal-ridge-shortlag-v2,True
2025-01-09 09:00:00+00:00,SPP_NORTH_HUB,37034,16832,0,20202,46366.75,37065.32527464465,37134.23857854658,37269.201764923484,20830.701806177523,21493.43447489885,22256.28875769907,2025-01-09T09:00:00Z,causal-ridge-shortlag-v2,True
2025-01-09 09:00:00+00:00,CAISO_NP15,21940,1146,0,20794,33983.0,21408.14377172931,21212.65100732012,21505.012882561936,21010.804658837576,20451.82603873693,20318.01480342093,2025-01-09T09:00:00Z,causal-ridge-shortlag-v2,True
2025-01-09 09:00:00+00:00,ISONE_NEMA,14421,1082,3,13336,18007.25,14809.260791687928,15196.25353744038,15500.236250376282,13715.892286038032,14078.409716458937,14341.876214304459,2025-01-09T09:00:00Z,causal-ridge-shortlag-v2,True
2025-01-09 10:00:00+00:00,SPP_NORTH_HUB,37362,16541,0,20821,46366.75,37675.629554682244,37905.70302412426,38105.14449234755,21498.178387031523,22217.757844757558,23042.394362449475,2025-01-09T10:00:00Z,causal-ridge-shortlag-v2,True
2025-01-09 10:00:00+00:00,ISONE_NEMA,15285,1084,3,14198,18007.25,16050.5018812345,16430.968499446157,16496.734674031824,14957.081487780304,15300.627104106767,15303.113877184052,2025-01-09T10:00:00Z,causal-ridge-shortlag-v2,True
2025-01-09 10:00:00+00:00,MISO_MINN_HUB,84359,13284,1,71074,101249.75,85534.82950268977,86597.04771724535,87460.75381385861,72017.80632885627,72210.7798640252,71820.79896392155,2025-01-09T10:00:00Z,causal-ridge-shortlag-v2,True
2025-01-09 10:00:00+00:00,CAISO_NP15,21231,1074,0,20157,33983.0,20810.964964610976,20940.859340831514,21528.05641061599,20223.201208517366,19431.950780123007,19016.618836122772,2025-01-09T10:00:00Z,causal-ridge-shortlag-v2,True
2025-01-09 11:00:00+00:00,SPP_NORTH_HUB,38302,16190,0,22112,46366.75,39045.80296785645,39484.279628980396,39681.864401208,23185.72716410724,24034.497975935134,24843.542111469065,2025-01-09T11:00:00Z,causal-ridge-shortlag-v2,True
2025-01-09 11:00:00+00:00,ISONE_NEMA,16726,1083,3,15640,18007.25,17695.686720743586,17921.636553954275,17645.970636164773,16600.8457182511,16768.47271421933,16404.077422693055,2025-01-09T11:00:00Z,causal-ridge-shortlag-v2,True
2025-01-09 11:00:00+00:00,MISO_MINN_HUB,88141,12218,1,75922,101249.75,91379.52133068159,93266.39379412602,94356.18210370858,78996.85501030592,80302.13675033022,78933.86683631506,2025-01-09T11:00:00Z,causal-ridge-shortlag-v2,True
2025-01-09 11:00:00+00:00,CAISO_NP15,20822,1118,0,19704,33983.0,20746.760659452375,21177.711223395712,22033.814521636374,19657.192670811033,18674.47456297081,18010.23673005415,2025-01-09T11:00:00Z,causal-ridge-shortlag-v2,True
2025-01-09 12:00:00+00:00,CAISO_NP15,20511,990,0,19521,33983.0,20702.053464770557,21401.87214224884,22425.05715069801,19233.13470838112,17972.12676848166,17059.2195121603,2025-01-09T12:00:00Z,causal-ridge-shortlag-v2,True
2025-01-09 12:00:00+00:00,MISO_MINN_HUB,93077,13021,1,80055,101249.75,96259.98930093262,97698.71785028893,97545.90265682587,81513.80656049511,79740.65040658569,77396.79947788904,2025-01-09T12:00:00Z,causal-ridge-shortlag-v2,True
2025-01-09 12:00:00+00:00,ISONE_NEMA,17644,1080,14,16550,18007.25,17853.147980357477,17587.22219508032,17095.538559107696,16704.996033322812,16351.041783405444,15777.262199722338,2025-01-09T12:00:00Z,causal-ridge-shortlag-v2,True
2025-01-09 12:00:00+00:00,SPP_NORTH_HUB,39936,15676,0,24260,46366.75,41105.4728094088,41683.404714788005,41776.16857614588,25712.98073214598,26655.40544409733,27358.84626748867,2025-01-09T12:00:00Z,causal-ridge-shortlag-v2,True
2025-01-09 13:00:00+00:00,SPP_NORTH_HUB,41095,17006,0,24089,46366.75,41801.04985706925,41987.88614165777,41811.81544412744,24232.003206843998,24492.193530675362,24683.77884850681,2025-01-09T13:00:00Z,causal-ridge-shortlag-v2,True
2025-01-09 13:00:00+00:00,MISO_MINN_HUB,95173,12965,245,81963,101249.75,95723.94637651808,95434.61889011502,93947.28054176903,80673.25664573189,77300.34111893275,74240.03664629413,2025-01-09T13:00:00Z,causal-ridge-shortlag-v2,True
2025-01-09 13:00:00+00:00,CAISO_NP15,20806,898,0,19908,33983.0,21337.227281091953,22259.33539928923,23338.31921786068,19383.233755917303,17819.50551200747,16535.96787540103,2025-01-09T13:00:00Z,causal-ridge-shortlag-v2,True
2025-01-09 13:00:00+00:00,ISONE_NEMA,17543,1066,111,16366,18007.25,16952.969542187384,16374.99877928812,15949.399901778344,15669.829306763022,15013.647902618406,14552.017365730308,2025-01-09T13:00:00Z,causal-ridge-shortlag-v2,True
2025-01-09 14:00:00+00:00,MISO_MINN_HUB,93994,12442,3276,78276,101249.75,91835.21220007801,89925.66898181416,88199.55720352424,73169.28569608832,68847.6148174349,66564.06275618759,2025-01-09T14:00:00Z,causal-ridge-shortlag-v2,True
2025-01-09 14:00:00+00:00,CAISO_NP15,22011,1123,0,20888,33983.0,23076.719832211427,24090.52175639437,24901.426057841254,20096.58616067579,18056.845034586528,16239.520521332894,2025-01-09T14:00:00Z,causal-ridge-shortlag-v2,True
2025-01-09 14:00:00+00:00,ISONE_NEMA,17018,1051,196,15771,18007.25,16463.1793595986,16117.835181478385,15967.733193597296,15153.097231970152,14777.747834288997,14629.282652320902,2025-01-09T14:00:00Z,causal-ridge-shortlag-v2,True
2025-01-09 14:00:00+00:00,SPP_NORTH_HUB,41098,17064,15,24019,46366.75,40822.46488217214,40414.3736343936,39935.60307778703,24159.008408239424,24239.03529073887,24119.742724782693,2025-01-09T14:00:00Z,causal-ridge-shortlag-v2,True
2025-01-09 15:00:00+00:00,SPP_NORTH_HUB,40647,16296,82,24269,46366.75,40043.720126789034,39457.04516943468,38940.64321735495,24233.19997261822,24036.808258093108,23769.363482323533,2025-01-09T15:00:00Z,causal-ridge-shortlag-v2,True
2025-01-09 15:00:00+00:00,MISO_MINN_HUB,91604,10626,6483,74495,101249.75,89363.79921703713,87553.0096284157,86637.02207978854,71211.05646820439,70347.76338485032,68943.27157341546,2025-01-09T15:00:00Z,causal-ridge-shortlag-v2,True
2025-01-09 15:00:00+00:00,CAISO_NP15,24274,1546,0,22728,33983.0,25582.439786374,26403.841212406223,26648.27745736725,21547.37654995129,18880.621776581,16279.94072005029,2025-01-09T15:00:00Z,causal-ridge-shortlag-v2,True
2025-01-09 15:00:00+00:00,ISONE_NEMA,15874,1062,350,14462,18007.25,14908.767628436242,14547.902161847525,14791.615176179435,13398.016589792767,13021.505342181366,13317.322905457064,2025-01-09T15:00:00Z,causal-ridge-shortlag-v2,True
2025-01-09 16:00:00+00:00,SPP_NORTH_HUB,40396,15540,110,24746,46366.75,39942.845112740215,39440.4265669702,38944.86331590418,24651.2263106529,24367.166362604763,24101.110460306874,2025-01-09T16:00:00Z,causal-ridge-shortlag-v2,True
2025-01-09 16:00:00+00:00,MISO_MINN_HUB,89749,9473,6427,73849,101249.75,88474.56767202012,87396.93033037151,86428.50464667707,73309.89668928493,72658.89412381733,71618.92508992423,2025-01-09T16:00:00Z,causal-ridge-shortlag-v2,True
2025-01-09 16:00:00+00:00,CAISO_NP15,25823,1528,2444,21851,33983.0,26634.097406995585,26907.988983127198,26568.58430727017,18873.591867606065,16397.15351735399,13944.768277447041,2025-01-09T16:00:00Z,causal-ridge-shortlag-v2,True
2025-01-09 16:00:00+00:00,ISONE_NEMA,15524,1076,497,13951,18007.25,15630.399839506423,15995.665704887952,16560.010603335475,14043.57385422095,14464.77519724386,15107.494917417838,2025-01-09T16:00:00Z,causal-ridge-shortlag-v2,True
2025-01-09 17:00:00+00:00,SPP_NORTH_HUB,40130,14686,162,25282,46366.75,39698.69871801086,39271.372416619364,38878.580957600665,25212.49269251922,25021.83182942598,24831.822713691872,2025-01-09T17:00:00Z,causal-ridge-shortlag-v2,True
2025-01-09 17:00:00+00:00,MISO_MINN_HUB,88136,9940,5904,72292,101249.75,86699.17914362939,85744.71086587873,84777.74469185287,70656.23894246996,68425.17958241305,68425.15198698598,2025-01-09T17:00:00Z,causal-ridge-shortlag-v2,True
2025-01-09 17:00:00+00:00,CAISO_NP15,26503,1608,9962,14933,33983.0,26491.97783047592,25978.268977829244,25325.57912270553,9975.73867290861,9442.83342758196,9012.799706511994,2025-01-09T17:00:00Z,causal-ridge-shortlag-v2,True
2025-01-09 17:00:00+00:00,ISONE_NEMA,15539,1102,460,13977,18007.25,15815.047026053657,16337.83434358541,17062.69147660933,14307.543011987555,14902.007729194624,15717.418953427172,2025-01-09T17:00:00Z,causal-ridge-shortlag-v2,True
2025-01-09 18:00:00+00:00,CAISO_NP15,25554,1634,13116,10804,33983.0,24771.314571474533,24246.486066997353,23850.66841225757,9157.289869966953,8921.365426402514,9169.343697854809,2025-01-09T18:00:00Z,causal-ridge-shortlag-v2,True
2025-01-09 18:00:00+00:00,SPP_NORTH_HUB,39924,14669,189,25066,46366.75,39585.189288906855,39290.21615735468,39065.49197215364,24586.26751803633,24287.033522428468,24107.439749794143,2025-01-09T18:00:00Z,causal-ridge-shortlag-v2,True
2025-01-09 18:00:00+00:00,MISO_MINN_HUB,86982,10313,5696,70973,101249.75,86163.4674931582,85719.2793531756,85707.33484053069,70083.75213841177,70304.23511275354,71060.82888447563,2025-01-09T18:00:00Z,causal-ridge-shortlag-v2,True
2025-01-09 18:00:00+00:00,ISONE_NEMA,15659,1112,402,14145,18007.25,16080.412519496542,16746.068901259998,17466.083184999567,14632.811043052376,15382.804223968866,16196.383359583053,2025-01-09T18:00:00Z,causal-ridge-shortlag-v2,True
2025-01-09 19:00:00+00:00,MISO_MINN_HUB,86118,10966,5499,69653,101249.75,85583.68361307358,85480.3570047897,85691.1384497935,68971.05413456306,68987.68428931679,69969.35707578018,2025-01-09T19:00:00Z,causal-ridge-shortlag-v2,True
2025-01-09 19:00:00+00:00,SPP_NORTH_HUB,39582,13685,227,25670,46366.75,39239.40248915601,39016.34515230561,38873.27110289996,25781.29445694836,25751.46765688733,25662.018849824613,2025-01-09T19:00:00Z,causal-ridge-shortlag-v2,True
2025-01-09 19:00:00+00:00,ISONE_NEMA,16139,1106,299,14734,18007.25,16913.050027659396,17690.02107238057,18240.651777033345,15621.040251469074,16502.707197756303,17140.879208286566,2025-01-09T19:00:00Z,causal-ridge-shortlag-v2,True
2025-01-09 19:00:00+00:00,CAISO_NP15,24286,1730,13389,9167,33983.0,23752.058006551884,23154.680548757817,22719.351321546157,8403.63373493168,9602.035776332374,10698.664107398447,2025-01-09T19:00:00Z,causal-ridge-shortlag-v2,True
2025-01-09 20:00:00+00:00,MISO_MINN_HUB,85768,11951,4429,69388,101249.75,85810.38444982604,86086.64220763891,86595.08896864901,69652.48097604801,70322.43777296504,71054.70403263008,2025-01-09T20:00:00Z,causal-ridge-shortlag-v2,True
2025-01-09 20:00:00+00:00,ISONE_NEMA,16937,1101,135,15701,18007.25,17807.006849723035,18392.21129588057,18556.7598087993,16700.7139433742,17373.881572301572,17594.042017381827,2025-01-09T20:00:00Z,causal-ridge-shortlag-v2,True
2025-01-09 20:00:00+00:00,CAISO_NP15,23615,1971,13089,8555,33983.0,23287.986567440395,23263.11978007346,23550.455242697684,8690.489175402025,11080.036940277907,13235.214034051118,2025-01-09T20:00:00Z,causal-ridge-shortlag-v2,True
2025-01-09 20:00:00+00:00,SPP_NORTH_HUB,39173,12527,200,26446,46366.75,38874.07409862905,38711.82747993458,38649.885882280614,26612.590035007834,26539.132217593804,26405.329530672152,2025-01-09T20:00:00Z,causal-ridge-shortlag-v2,True
2025-01-09 21:00:00+00:00,ISONE_NEMA,18164,1090,15,17059,18007.25,19089.230096227147,19374.839821236255,19093.54850699489,18096.083195436688,18449.821222580715,18195.286691713838,2025-01-09T21:00:00Z,causal-ridge-shortlag-v2,True
2025-01-09 21:00:00+00:00,SPP_NORTH_HUB,39136,12090,181,26865,46366.75,39108.81986812601,39104.120140556355,39110.9834526203,26771.455694183875,26608.464469977658,26478.155444467237,2025-01-09T21:00:00Z,causal-ridge-shortlag-v2,True
2025-01-09 21:00:00+00:00,MISO_MINN_HUB,86032,11872,2026,72134,101249.75,86813.2918937233,87378.1942575456,87603.31127906528,74215.08865933455,75214.32092619438,74920.53212182892,2025-01-09T21:00:00Z,causal-ridge-shortlag-v2,True
2025-01-09 21:00:00+00:00,CAISO_NP15,23780,2491,13040,8249,33983.0,23967.661163551842,24360.25662272437,24942.399516406982,9252.5471442341,12277.44040833471,15075.941207188716,2025-01-09T21:00:00Z,causal-ridge-shortlag-v2,True
2025-01-09 22:00:00+00:00,MISO_MINN_HUB,88032,12169,334,75529,101249.75,89711.08703927025,90329.38235729001,90159.43651076483,77517.53027863789,77327.54320995472,76001.55892968064,2025-01-09T22:00:00Z,causal-ridge-shortlag-v2,True
2025-01-09 22:00:00+00:00,ISONE_NEMA,18848,1086,3,17759,18007.25,18893.779069584813,18535.71106093365,17982.839006628266,17833.28657714466,17502.072151111723,16977.580293144056,2025-01-09T22:00:00Z,causal-ridge-shortlag-v2,True
2025-01-09 22:00:00+00:00,SPP_NORTH_HUB,39394,12656,87,26651,46366.75,39623.83550248732,39690.14437628581,39617.564507618845,26338.396842106813,26086.95665149468,25913.87706061965,2025-01-09T22:00:00Z,causal-ridge-shortlag-v2,True
2025-01-09 22:00:00+00:00,CAISO_NP15,23350,2457,12771,8122,33983.0,23512.54587936062,24059.9059618707,24758.978901722414,10013.976396800104,13184.28935577581,16228.457834312236,2025-01-09T22:00:00Z,causal-ridge-shortlag-v2,True
2025-01-09 23:00:00+00:00,MISO_MINN_HUB,90799,12268,1,78530,101249.75,92437.22143335089,92696.42926619048,92033.06983261621,79902.2512873182,79728.29193174033,78564.54932406917,2025-01-09T23:00:00Z,causal-ridge-shortlag-v2,True
2025-01-09 23:00:00+00:00,SPP_NORTH_HUB,40223,13709,9,26505,46366.75,40808.67964078929,40968.00610821613,40775.113141280766,26238.563353625927,25981.175937511027,25757.30687616344,2025-01-09T23:00:00Z,causal-ridge-shortlag-v2,True
2025-01-09 23:00:00+00:00,ISONE_NEMA,18723,1087,3,17633,18007.25,18218.003123589202,17609.079695060485,16937.583472668222,17136.24512492576,16548.87948509137,15909.171124467986,2025-01-09T23:00:00Z,causal-ridge-shortlag-v2,True
2025-01-09 23:00:00+00:00,CAISO_NP15,22966,2287,12229,8450,33983.0,23380.176236435495,23933.005682417916,24606.56118943704,11142.23975856477,14533.535449220712,17746.819542984653,2025-01-09T23:00:00Z,causal-ridge-shortlag-v2,True
2025-01-10 00:00:00+00:00,SPP_NORTH_HUB,40455,14314,0,26141,46366.75,40493.75606881413,40207.156858984265,39685.06955980001,25735.767576374805,25401.047884154832,24992.519378138597,2025-01-10T00:00:00Z,causal-ridge-shortlag-v2,True
2025-01-10 00:00:00+00:00,CAISO_NP15,22788,2386,9334,11068,33983.0,22951.808174170994,23622.02812321922,24343.733846064362,14687.959804537082,17633.23305316157,20185.742458636196,2025-01-10T00:00:00Z,causal-ridge-shortlag-v2,True
2025-01-10 00:00:00+00:00,ISONE_NEMA,18401,1085,3,17313,18007.25,17912.90962632707,17262.978001888972,16510.337371731515,16849.9340084515,16233.740000246495,15510.54723331472,2025-01-10T00:00:00Z,causal-ridge-shortlag-v2,True
2025-01-10 00:00:00+00:00,MISO_MINN_HUB,91262,13652,1,77609,101249.75,90373.44487259931,89043.10283853392,87272.69330832388,75363.52999352211,72601.51980421014,71283.2252244619,2025-01-10T00:00:00Z,causal-ridge-shortlag-v2,True
2025-01-10 01:00:00+00:00,ISONE_NEMA,17852,1076,3,16773,18007.25,17127.439165098473,16386.216778375183,15763.186057989253,16078.536518456016,15375.989008924469,14795.277480785573,2025-01-10T01:00:00Z,causal-ridge-shortlag-v2,True
2025-01-10 01:00:00+00:00,MISO_MINN_HUB,90120,14763,1,75356,101249.75,88397.36703852331,86478.09871979996,84960.85679198835,72892.86986273773,71820.59370425169,70182.92479539724,2025-01-10T01:00:00Z,causal-ridge-shortlag-v2,True
2025-01-10 01:00:00+00:00,CAISO_NP15,24539,2111,2259,20169,33983.0,25647.11538443129,26639.93067071996,26976.182829899746,25622.050348709705,26495.912112873917,26506.679557554737,2025-01-10T01:00:00Z,causal-ridge-shortlag-v2,True
2025-01-10 01:00:00+00:00,SPP_NORTH_HUB,40017,14379,0,25638,46366.75,39521.93201478265,38894.99331383457,38204.99040890537,25134.781763705643,24506.97296943423,23789.776091874934,2025-01-10T01:00:00Z,causal-ridge-shortlag-v2,True
2025-01-10 02:00:00+00:00,MISO_MINN_HUB,88571,15097,1,73473,101249.75,86803.32881366485,84916.11018763625,83255.71286467918,71804.33905560165,70498.29986189315,68657.86827491599,2025-01-10T02:00:00Z,causal-ridge-shortlag-v2,True
2025-01-10 02:00:00+00:00,CAISO_NP15,25874,1987,0,23887,33983.0,26855.784087235752,26998.124840081204,26358.499782898274,24523.756903267167,25357.370573017528,25035.712342734056,2025-01-10T02:00:00Z,causal-ridge-shortlag-v2,True
2025-01-10 02:00:00+00:00,ISONE_NEMA,17014,1069,3,15942,18007.25,16164.526346681454,15497.841971339703,15065.23519440334,15119.665308766274,14494.388594534785,14109.716549059991,2025-01-10T02:00:00Z,causal-ridge-shortlag-v2,True
2025-01-10 02:00:00+00:00,SPP_NORTH_HUB,39452,15170,0,24282,46366.75,38817.18017979147,38063.09573343226,37290.26619873044,23185.14068703733,22215.693325701173,21399.297409058014,2025-01-10T02:00:00Z,causal-ridge-shortlag-v2,True
