INTERVALSTARTTIME_GMT,INTERVALENDTIME_GMT,OPR_DT,OPR_HR,OPR_INTERVAL,NODE_ID_XML,NODE_ID,NODE,MARKET_RUN_ID,LMP_TYPE,XML_DATA_ITEM,PNODE_RESMRID,GRP_TYPE,POS,MW,GROUP
2025-05-09T07:00:00-00:00,2025-05-09T08:00:00-00:00,2025-05-09,1,0,TH_NP15_GEN-APND,TH_NP15_GEN-APND,TH_NP15_GEN-APND,DAM,LMP,LMP_PRC,TH_NP15_GEN-APND,ALL_APNODES,0,53.23471,1
2025-05-09T21:00:00-00:00,2025-05-09T22:00:00-00:00,2025-05-09,15,0,TH_NP15_GEN-APND,TH_NP15_GEN-APND,TH_NP15_GEN-APND,DAM,LMP,LMP_PRC,TH_NP15_GEN-APND,ALL_APNODES,0,23.56535,1
2025-05-09T23:00:00-00:00,2025-05-10T00:00:00-00:00,2025-05-09,17,0,TH_NP15_GEN-APND,TH_NP15_GEN-APND,TH_NP15_GEN-APND,DAM,LMP,LMP_PRC,TH_NP15_GEN-APND,ALL_APNODES,0,36.25636,1
2025-05-10T03:00:00-00:00,2025-05-10T04:00:00-00:00,2025-05-09,21,0,TH_NP15_GEN-APND,TH_NP15_GEN-APND,TH_NP15_GEN-APND,DAM,LMP,LMP_PRC,TH_NP15_GEN-APND,ALL_APNODES,0,67.36676,1
2025-05-10T01:00:00-00:00,2025-05-10T02:00:00-00:00,2025-05-09,19,0,TH_NP15_GEN-APND,TH_NP15_GEN-APND,TH_NP15_GEN-APND,DAM,LMP,LMP_PRC,TH_NP15_GEN-APND,ALL_APNODES,0,63.69727,1
2025-05-10T06:00:00-00:00,2025-05-10T07:00:00-00:00,2025-05-09,24,0,TH_NP15_GEN-APND,TH_NP15_GEN-APND,TH_NP15_GEN-APND,DAM,LMP,LMP_PRC,TH_NP15_GEN-APND,ALL_APNODES,0,54.15294,1
2025-05-09T12:00:00-00:00,2025-05-09T13:00:00-00:00,2025-05-09,6,0,TH_NP15_GEN-APND,TH_NP15_GEN-APND,TH_NP15_GEN-APND,DAM,LMP,LMP_PRC,TH_NP15_GEN-APND,ALL_APNODES,0,51.2759,1
2025-05-09T19:00:00-00:00,2025-05-09T20:00:00-00:00,2025-05-09,13,0,TH_NP15_GEN-APND,TH_NP15_GEN-APND,TH_NP15_GEN-APND,DAM,LMP,LMP_PRC,TH_NP15_GEN-APND,ALL_APNODES,0,18.79184,1
2025-05-09T13:00:00-00:00,2025-05-09T14:00:00-00:00,2025-05-09,7,0,TH_NP15_GEN-APND,TH_NP15_GEN-APND,TH_NP15_GEN-APND,DAM,LMP,LMP_PRC,TH_NP15_GEN-APND,ALL_APNODES,0,50.35159,1
2025-05-09T09:00:00-00:00,2025-05-09T10:00:00-00:00,2025-05-09,3,0,TH_NP15_GEN-APND,TH_NP15_GEN-APND,TH_NP15_GEN-APND,DAM,LMP,LMP_PRC,TH_NP15_GEN-APND,ALL_APNODES,0,45.5306,1
2025-05-09T20:00:00-00:00,2025-05-09T21:00:00-00:00,2025-05-09,14,0,TH_NP15_GEN-APND,TH_NP15_GEN-APND,TH_NP15_GEN-APND,DAM,LMP,LMP_PRC,TH_NP15_GEN-APND,ALL_APNODES,0,22.06516,1
2025-05-09T16:00:00-00:00,2025-05-09T17:00:00-00:00,2025-05-09,10,0,TH_NP15_GEN-APND,TH_NP15_GEN-APND,TH_NP15_GEN-APND,DAM,LMP,LMP_PRC,TH_NP15_GEN-APND,ALL_APNODES,0,24.21986,1
2025-05-10T05:00:00-00:00,2025-05-10T06:00:00-00:00,2025-05-09,23,0,TH_NP15_GEN-APND,TH_NP15_GEN-APND,TH_NP15_GEN-APND,DAM,LMP,LMP_PRC,TH_NP15_GEN-APND,ALL_APNODES,0,55.99857,1
2025-05-10T04:00:00-00:00,2025-05-10T05:00:00-00:00,2025-05-09,22,0,TH_NP15_GEN-APND,TH_NP15_GEN-APND,TH_NP15_GEN-APND,DAM,LMP,LMP_PRC,TH_NP15_GEN-APND,ALL_APNODES,0,61.50881,1
2025-05-09T22:00:00-00:00,2025-05-09T23:00:00-00:00,2025-05-09,16,0,TH_NP15_GEN-APND,TH_NP15_GEN-APND,TH_NP15_GEN-APND,DAM,LMP,LMP_PRC,TH_NP15_GEN-APND,ALL_APNODES,0,26.54599,1
2025-05-09T17:00:00-00:00,2025-05-09T18:00:00-00:00,2025-05-09,11,0,TH_NP15_GEN-APND,TH_NP15_GEN-APND,TH_NP15_GEN-APND,DAM,LMP,LMP_PRC,TH_NP15_GEN-APND,ALL_APNODES,0,20.60572,1
2025-05-09T14:00:00-00:00,2025-05-09T15:00:00-00:00,2025-05-09,8,0,TH_NP15_GEN-APND,TH_NP15_GEN-APND,TH_NP15_GEN-APND,DAM,LMP,LMP_PRC,TH_NP15_GEN-APND,ALL_APNODES,0,34.0776,1
2025-05-09T11:00:00-00:00,2025-05-09T12:00:00-00:00,2025-05-09,5,0,TH_NP15_GEN-APND,TH_NP15_GEN-APND,TH_NP15_GEN-APND,DAM,LMP,LMP_PRC,TH_NP15_GEN-APND,ALL_APNODES,0,47.62405,1
2025-05-10T00:00:00-00:00,2025-05-10T01:00:00-00:00,2025-05-09,18,0,TH_NP15_GEN-APND,TH_NP15_GEN-APND,TH_NP15_GEN-APND,DAM,LMP,LMP_PRC,TH_NP15_GEN-APND,ALL_APNODES,0,48.97084,1
2025-05-09T18:00:00-00:00,2025-05-09T19:00:00-00:00,2025-05-09,12,0,TH_NP15_GEN-APND,TH_NP15_GEN-APND,TH_NP15_GEN-APND,DAM,LMP,LMP_PRC,TH_NP15_GEN-APND,ALL_APNODES,0,19.48728,1
2025-05-10T02:00:00-00:00,2025-05-10T03:00:00-00:00,2025-05-09,20,0,TH_NP15_GEN-APND,TH_NP15_GEN-APND,TH_NP15_GEN-APND,DAM,LMP,LMP_PRC,TH_NP15_GEN-APND,ALL_APNODES,0,77.5974,1
2025-05-09T15:00:00-00:00,2025-05-09T16:00:00-00:00,2025-05-09,9,0,TH_NP15_GEN-APND,TH_NP15_GEN-APND,TH_NP15_GEN-APND,DAM,LMP,LMP_PRC,TH_NP15_GEN-APND,ALL_APNODES,0,25.34768,1
2025-05-09T10:00:00-00:00,2025-05-09T11:00:00-00:00,2025-05-09,4,0,TH_NP15_GEN-APND,TH_NP15_GEN-APND,TH_NP15_GEN-APND,DAM,LMP,LMP_PRC,TH_NP15_GEN-APND,ALL_APNODES,0,44.39614,1
2025-05-09T08:00:00-00:00,2025-05-09T09:00:00-00:00,2025-05-09,2,0,TH_NP15_GEN-APND,TH_NP15_GEN-APND,TH_NP15_GEN-APND,DAM,LMP,LMP_PRC,TH_NP15_GEN-APND,ALL_APNODES,0,48.81495,1
2025-05-09T16:00:00-00:00,2025-05-09T17:00:00-00:00,2025-05-09,10,0,TH_NP15_GEN-APND,TH_NP15_GEN-APND,TH_NP15_GEN-APND,DAM,MCC,LMP_CONG_PRC,TH_NP15_GEN-APND,ALL_APNODES,0,2.44999,2
2025-05-09T07:00:00-00:00,2025-05-09T08:00:00-00:00,2025-05-09,1,0,TH_NP15_GEN-APND,TH_NP15_GEN-APND,TH_NP15_GEN-APND,DAM,MCC,LMP_CONG_PRC,TH_NP15_GEN-APND,ALL_APNODES,0,-4.38699,2
2025-05-09T19:00:00-00:00,2025-05-09T20:00:00-00:00,2025-05-09,13,0,TH_NP15_GEN-APND,TH_NP15_GEN-APND,TH_NP15_GEN-APND,DAM,MCC,LMP_CONG_PRC,TH_NP15_GEN-APND,ALL_APNODES,0,-2.22609,2
2025-05-10T04:00:00-00:00,2025-05-10T05:00:00-00:00,2025-05-09,22,0,TH_NP15_GEN-APND,TH_NP15_GEN-APND,TH_NP15_GEN-APND,DAM,MCC,LMP_CONG_PRC,TH_NP15_GEN-APND,ALL_APNODES,0,-3.23312,2
2025-05-09T17:00:00-00:00,2025-05-09T18:00:00-00:00,2025-05-09,11,0,TH_NP15_GEN-APND,TH_NP15_GEN-APND,TH_NP15_GEN-APND,DAM,MCC,LMP_CONG_PRC,TH_NP15_GEN-APND,ALL_APNODES,0,-0.32002,2
2025-05-09T14:00:00-00:00,2025-05-09T15:00:00-00:00,2025-05-09,8,0,TH_NP15_GEN-APND,TH_NP15_GEN-APND,TH_NP15_GEN-APND,DAM,MCC,LMP_CONG_PRC,TH_NP15_GEN-APND,ALL_APNODES,0,1.39667,2
2025-05-10T02:00:00-00:00,2025-05-10T03:00:00-00:00,2025-05-09,20,0,TH_NP15_GEN-APND,TH_NP15_GEN-APND,TH_NP15_GEN-APND,DAM,MCC,LMP_CONG_PRC,TH_NP15_GEN-APND,ALL_APNODES,0,-2.80243,2
2025-05-09T18:00:00-00:00,2025-05-09T19:00:00-00:00,2025-05-09,12,0,TH_NP15_GEN-APND,TH_NP15_GEN-APND,TH_NP15_GEN-APND,DAM,MCC,LMP_CONG_PRC,TH_NP15_GEN-APND,ALL_APNODES,0,-1.46146,2
2025-05-10T00:00:00-00:00,2025-05-10T01:00:00-00:00,2025-05-09,18,0,TH_NP15_GEN-APND,TH_NP15_GEN-APND,TH_NP15_GEN-APND,DAM,MCC,LMP_CONG_PRC,TH_NP15_GEN-APND,ALL_APNODES,0,-0.55685,2
2025-05-10T05:00:00-00:00,2025-05-10T06:00:00-00:00,2025-05-09,23,0,TH_NP15_GEN-APND,TH_NP15_GEN-APND,TH_NP15_GEN-APND,DAM,MCC,LMP_CONG_PRC,TH_NP15_GEN-APND,ALL_APNODES,0,-4.24833,2
2025-05-09T11:00:00-00:00,2025-05-09T12:00:00-00:00,2025-05-09,5,0,TH_NP15_GEN-APND,TH_NP15_GEN-APND,TH_NP15_GEN-APND,DAM,MCC,LMP_CONG_PRC,TH_NP15_GEN-APND,ALL_APNODES,0,-2.9025,2
2025-05-09T20:00:00-00:00,2025-05-09T21:00:00-00:00,2025-05-09,14,0,TH_NP15_GEN-APND,TH_NP15_GEN-APND,TH_NP15_GEN-APND,DAM,MCC,LMP_CONG_PRC,TH_NP15_GEN-APND,ALL_APNODES,0,-2.03928,2
2025-05-10T01:00:00-00:00,2025-05-10T02:00:00-00:00,2025-05-09,19,0,TH_NP15_GEN-APND,TH_NP15_GEN-APND,TH_NP15_GEN-APND,DAM,MCC,LMP_CONG_PRC,TH_NP15_GEN-APND,ALL_APNODES,0,-2.99152,2
2025-05-09T22:00:00-00:00,2025-05-09T23:00:00-00:00,2025-05-09,16,0,TH_NP15_GEN-APND,TH_NP15_GEN-APND,TH_NP15_GEN-APND,DAM,MCC,LMP_CONG_PRC,TH_NP15_GEN-APND,ALL_APNODES,0,-1.0333,2
2025-05-10T06:00:00-00:00,2025-05-10T07:00:00-00:00,2025-05-09,24,0,TH_NP15_GEN-APND,TH_NP15_GEN-APND,TH_NP15_GEN-APND,DAM,MCC,LMP_CONG_PRC,TH_NP15_GEN-APND,ALL_APNODES,0,-4.75287,2
2025-05-10T03:00:00-00:00,2025-05-10T04:00:00-00:00,2025-05-09,21,0,TH_NP15_GEN-APND,TH_NP15_GEN-APND,TH_NP15_GEN-APND,DAM,MCC,LMP_CONG_PRC,TH_NP15_GEN-APND,ALL_APNODES,0,-2.73469,2
2025-05-09T12:00:00-00:00,2025-05-09T13:00:00-00:00,2025-05-09,6,0,TH_NP15_GEN-APND,TH_NP15_GEN-APND,TH_NP15_GEN-APND,DAM,MCC,LMP_CONG_PRC,TH_NP15_GEN-APND,ALL_APNODES,0,-3.90661,2
2025-05-09T21:00:00-00:00,2025-05-09T22:00:00-00:00,2025-05-09,15,0,TH_NP15_GEN-APND,TH_NP15_GEN-APND,TH_NP15_GEN-APND,DAM,MCC,LMP_CONG_PRC,TH_NP15_GEN-APND,ALL_APNODES,0,-1.71563,2
2025-05-09T15:00:00-00:00,2025-05-09T16:00:00-00:00,2025-05-09,9,0,TH_NP15_GEN-APND,TH_NP15_GEN-APND,TH_NP15_GEN-APND,DAM,MCC,LMP_CONG_PRC,TH_NP15_GEN-APND,ALL_APNODES,0,2.90977,2
2025-05-09T13:00:00-00:00,2025-05-09T14:00:00-00:00,2025-05-09,7,0,TH_NP15_GEN-APND,TH_NP15_GEN-APND,TH_NP15_GEN-APND,DAM,MCC,LMP_CONG_PRC,TH_NP15_GEN-APND,ALL_APNODES,0,-1.1304,2
2025-05-09T10:00:00-00:00,2025-05-09T11:00:00-00:00,2025-05-09,4,0,TH_NP15_GEN-APND,TH_NP15_GEN-APND,TH_NP15_GEN-APND,DAM,MCC,LMP_CONG_PRC,TH_NP15_GEN-APND,ALL_APNODES,0,-2.61355,2
2025-05-09T09:00:00-00:00,2025-05-09T10:00:00-00:00,2025-05-09,3,0,TH_NP15_GEN-APND,TH_NP15_GEN-APND,TH_NP15_GEN-APND,DAM,MCC,LMP_CONG_PRC,TH_NP15_GEN-APND,ALL_APNODES,0,-3.12638,2
2025-05-09T08:00:00-00:00,2025-05-09T09:00:00-00:00,2025-05-09,2,0,TH_NP15_GEN-APND,TH_NP15_GEN-APND,TH_NP15_GEN-APND,DAM,MCC,LMP_CONG_PRC,TH_NP15_GEN-APND,ALL_APNODES,0,-4.43648,2
2025-05-09T23:00:00-00:00,2025-05-10T00:00:00-00:00,2025-05-09,17,0,TH_NP15_GEN-APND,TH_NP15_GEN-APND,TH_NP15_GEN-APND,DAM,MCC,LMP_CONG_PRC,TH_NP15_GEN-APND,ALL_APNODES,0,-2.07077,2
2025-05-09T07:00:00-00:00,2025-05-09T08:00:00-00:00,2025-05-09,1,0,TH_NP15_GEN-APND,TH_NP15_GEN-APND,TH_NP15_GEN-APND,DAM,MCE,LMP_ENE_PRC,TH_NP15_GEN-APND,ALL_APNODES,0,60.93666,3
2025-05-09T08:00:00-00:00,2025-05-09T09:00:00-00:00,2025-05-09,2,0,TH_NP15_GEN-APND,TH_NP15_GEN-APND,TH_NP15_GEN-APND,DAM,MCE,LMP_ENE_PRC,TH_NP15_GEN-APND,ALL_APNODES,0,56.33285,3
2025-05-09T18:00:00-00:00,2025-05-09T19:00:00-00:00,2025-05-09,12,0,TH_NP15_GEN-APND,TH_NP15_GEN-APND,TH_NP15_GEN-APND,DAM,MCE,LMP_ENE_PRC,TH_NP15_GEN-APND,ALL_APNODES,0,20.80105,3
2025-05-09T15:00:00-00:00,2025-05-09T16:00:00-00:00,2025-05-09,9,0,TH_NP15_GEN-APND,TH_NP15_GEN-APND,TH_NP15_GEN-APND,DAM,MCE,LMP_ENE_PRC,TH_NP15_GEN-APND,ALL_APNODES,0,22.43791,3
2025-05-10T04:00:00-00:00,2025-05-10T05:00:00-00:00,2025-05-09,22,0,TH_NP15_GEN-APND,TH_NP15_GEN-APND,TH_NP15_GEN-APND,DAM,MCE,LMP_ENE_PRC,TH_NP15_GEN-APND,ALL_APNODES,0,67.91349,3
2025-05-09T19:00:00-00:00,2025-05-09T20:00:00-00:00,2025-05-09,13,0,TH_NP15_GEN-APND,TH_NP15_GEN-APND,TH_NP15_GEN-APND,DAM,MCE,LMP_ENE_PRC,TH_NP15_GEN-APND,ALL_APNODES,0,20.88427,3
2025-05-09T10:00:00-00:00,2025-05-09T11:00:00-00:00,2025-05-09,4,0,TH_NP15_GEN-APND,TH_NP15_GEN-APND,TH_NP15_GEN-APND,DAM,MCE,LMP_ENE_PRC,TH_NP15_GEN-APND,ALL_APNODES,0,49.42665,3
2025-05-10T05:00:00-00:00,2025-05-10T06:00:00-00:00,2025-05-09,23,0,TH_NP15_GEN-APND,TH_NP15_GEN-APND,TH_NP15_GEN-APND,DAM,MCE,LMP_ENE_PRC,TH_NP15_GEN-APND,ALL_APNODES,0,64.76768,3
2025-05-10T06:00:00-00:00,2025-05-10T07:00:00-00:00,2025-05-09,24,0,TH_NP15_GEN-APND,TH_NP15_GEN-APND,TH_NP15_GEN-APND,DAM,MCE,LMP_ENE_PRC,TH_NP15_GEN-APND,ALL_APNODES,0,63.28514,3
2025-05-10T01:00:00-00:00,2025-05-10T02:00:00-00:00,2025-05-09,19,0,TH_NP15_GEN-APND,TH_NP15_GEN-APND,TH_NP15_GEN-APND,DAM,MCE,LMP_ENE_PRC,TH_NP15_GEN-APND,ALL_APNODES,0,68.50415,3
2025-05-10T03:00:00-00:00,2025-05-10T04:00:00-00:00,2025-05-09,21,0,TH_NP15_GEN-APND,TH_NP15_GEN-APND,TH_NP15_GEN-APND,DAM,MCE,LMP_ENE_PRC,TH_NP15_GEN-APND,ALL_APNODES,0,72.46377,3
2025-05-09T09:00:00-00:00,2025-05-09T10:00:00-00:00,2025-05-09,3,0,TH_NP15_GEN-APND,TH_NP15_GEN-APND,TH_NP15_GEN-APND,DAM,MCE,LMP_ENE_PRC,TH_NP15_GEN-APND,ALL_APNODES,0,51.19632,3
2025-05-09T11:00:00-00:00,2025-05-09T12:00:00-00:00,2025-05-09,5,0,TH_NP15_GEN-APND,TH_NP15_GEN-APND,TH_NP15_GEN-APND,DAM,MCE,LMP_ENE_PRC,TH_NP15_GEN-APND,ALL_APNODES,0,53.19704,3
2025-05-09T16:00:00-00:00,2025-05-09T17:00:00-00:00,2025-05-09,10,0,TH_NP15_GEN-APND,TH_NP15_GEN-APND,TH_NP15_GEN-APND,DAM,MCE,LMP_ENE_PRC,TH_NP15_GEN-APND,ALL_APNODES,0,21.76986,3
2025-05-09T17:00:00-00:00,2025-05-09T18:00:00-00:00,2025-05-09,11,0,TH_NP15_GEN-APND,TH_NP15_GEN-APND,TH_NP15_GEN-APND,DAM,MCE,LMP_ENE_PRC,TH_NP15_GEN-APND,ALL_APNODES,0,20.92573,3
2025-05-09T21:00:00-00:00,2025-05-09T22:00:00-00:00,2025-05-09,15,0,TH_NP15_GEN-APND,TH_NP15_GEN-APND,TH_NP15_GEN-APND,DAM,MCE,LMP_ENE_PRC,TH_NP15_GEN-APND,ALL_APNODES,0,25.07785,3
2025-05-09T22:00:00-00:00,2025-05-09T23:00:00-00:00,2025-05-09,16,0,TH_NP15_GEN-APND,TH_NP15_GEN-APND,TH_NP15_GEN-APND,DAM,MCE,LMP_ENE_PRC,TH_NP15_GEN-APND,ALL_APNODES,0,27.12094,3
2025-05-10T00:00:00-00:00,2025-05-10T01:00:00-00:00,2025-05-09,18,0,TH_NP15_GEN-APND,TH_NP15_GEN-APND,TH_NP15_GEN-APND,DAM,MCE,LMP_ENE_PRC,TH_NP15_GEN-APND,ALL_APNODES,0,51.02266,3
2025-05-09T13:00:00-00:00,2025-05-09T14:00:00-00:00,2025-05-09,7,0,TH_NP15_GEN-APND,TH_NP15_GEN-APND,TH_NP15_GEN-APND,DAM,MCE,LMP_ENE_PRC,TH_NP15_GEN-APND,ALL_APNODES,0,53.11803,3
2025-05-09T20:00:00-00:00,2025-05-09T21:00:00-00:00,2025-05-09,14,0,TH_NP15_GEN-APND,TH_NP15_GEN-APND,TH_NP15_GEN-APND,DAM,MCE,LMP_ENE_PRC,TH_NP15_GEN-APND,ALL_APNODES,0,24.08517,3
2025-05-10T02:00:00-00:00,2025-05-10T03:00:00-00:00,2025-05-09,20,0,TH_NP15_GEN-APND,TH_NP15_GEN-APND,TH_NP15_GEN-APND,DAM,MCE,LMP_ENE_PRC,TH_NP15_GEN-APND,ALL_APNODES,0,82.54603,3
2025-05-09T12:00:00-00:00,2025-05-09T13:00:00-00:00,2025-05-09,6,0,TH_NP15_GEN-APND,TH_NP15_GEN-APND,TH_NP15_GEN-APND,DAM,MCE,LMP_ENE_PRC,TH_NP15_GEN-APND,ALL_APNODES,0,57.94656,3
2025-05-09T14:00:00-00:00,2025-05-09T15:00:00-00:00,2025-05-09,8,0,TH_NP15_GEN-APND,TH_NP15_GEN-APND,TH_NP15_GEN-APND,DAM,MCE,LMP_ENE_PRC,TH_NP15_GEN-APND,ALL_APNODES,0,32.28384,3
2025-05-09T23:00:00-00:00,2025-05-10T00:00:00-00:00,2025-05-09,17,0,TH_NP15_GEN-APND,TH_NP15_GEN-APND,TH_NP15_GEN-APND,DAM,MCE,LMP_ENE_PRC,TH_NP15_GEN-APND,ALL_APNODES,0,38.08718,3
2025-05-09T23:00:00-00:00,2025-05-10T00:00:00-00:00,2025-05-09,17,0,TH_NP15_GEN-APND,TH_NP15_GEN-APND,TH_NP15_GEN-APND,DAM,MCL,LMP_LOSS_PRC,TH_NP15_GEN-APND,ALL_APNODES,0,0.23995,4
2025-05-10T00:00:00-00:00,2025-05-10T01:00:00-00:00,2025-05-09,18,0,TH_NP15_GEN-APND,TH_NP15_GEN-APND,TH_NP15_GEN-APND,DAM,MCL,LMP_LOSS_PRC,TH_NP15_GEN-APND,ALL_APNODES,0,-1.49496,4
2025-05-09T20:00:00-00:00,2025-05-09T21:00:00-00:00,2025-05-09,14,0,TH_NP15_GEN-APND,TH_NP15_GEN-APND,TH_NP15_GEN-APND,DAM,MCL,LMP_LOSS_PRC,TH_NP15_GEN-APND,ALL_APNODES,0,0.01927,4
2025-05-09T19:00:00-00:00,2025-05-09T20:00:00-00:00,2025-05-09,13,0,TH_NP15_GEN-APND,TH_NP15_GEN-APND,TH_NP15_GEN-APND,DAM,MCL,LMP_LOSS_PRC,TH_NP15_GEN-APND,ALL_APNODES,0,0.13366,4
2025-05-09T17:00:00-00:00,2025-05-09T18:00:00-00:00,2025-05-09,11,0,TH_NP15_GEN-APND,TH_NP15_GEN-APND,TH_NP15_GEN-APND,DAM,MCL,LMP_LOSS_PRC,TH_NP15_GEN-APND,ALL_APNODES,0,0.0,4
2025-05-10T06:00:00-00:00,2025-05-10T07:00:00-00:00,2025-05-09,24,0,TH_NP15_GEN-APND,TH_NP15_GEN-APND,TH_NP15_GEN-APND,DAM,MCL,LMP_LOSS_PRC,TH_NP15_GEN-APND,ALL_APNODES,0,-4.37933,4
2025-05-09T14:00:00-00:00,2025-05-09T15:00:00-00:00,2025-05-09,8,0,TH_NP15_GEN-APND,TH_NP15_GEN-APND,TH_NP15_GEN-APND,DAM,MCL,LMP_LOSS_PRC,TH_NP15_GEN-APND,ALL_APNODES,0,0.39709,4
2025-05-10T02:00:00-00:00,2025-05-10T03:00:00-00:00,2025-05-09,20,0,TH_NP15_GEN-APND,TH_NP15_GEN-APND,TH_NP15_GEN-APND,DAM,MCL,LMP_LOSS_PRC,TH_NP15_GEN-APND,ALL_APNODES,0,-2.1462,4
2025-05-09T16:00:00-00:00,2025-05-09T17:00:00-00:00,2025-05-09,10,0,TH_NP15_GEN-APND,TH_NP15_GEN-APND,TH_NP15_GEN-APND,DAM,MCL,LMP_LOSS_PRC,TH_NP15_GEN-APND,ALL_APNODES,0,0.0,4
2025-05-10T01:00:00-00:00,2025-05-10T02:00:00-00:00,2025-05-09,19,0,TH_NP15_GEN-APND,TH_NP15_GEN-APND,TH_NP15_GEN-APND,DAM,MCL,LMP_LOSS_PRC,TH_NP15_GEN-APND,ALL_APNODES,0,-1.81536,4
2025-05-09T21:00:00-00:00,2025-05-09T22:00:00-00:00,2025-05-09,15,0,TH_NP15_GEN-APND,TH_NP15_GEN-APND,TH_NP15_GEN-APND,DAM,MCL,LMP_LOSS_PRC,TH_NP15_GEN-APND,ALL_APNODES,0,0.20313,4
2025-05-10T05:00:00-00:00,2025-05-10T06:00:00-00:00,2025-05-09,23,0,TH_NP15_GEN-APND,TH_NP15_GEN-APND,TH_NP15_GEN-APND,DAM,MCL,LMP_LOSS_PRC,TH_NP15_GEN-APND,ALL_APNODES,0,-4.52078,4
2025-05-10T04:00:00-00:00,2025-05-10T05:00:00-00:00,2025-05-09,22,0,TH_NP15_GEN-APND,TH_NP15_GEN-APND,TH_NP15_GEN-APND,DAM,MCL,LMP_LOSS_PRC,TH_NP15_GEN-APND,ALL_APNODES,0,-3.17156,4
2025-05-09T18:00:00-00:00,2025-05-09T19:00:00-00:00,2025-05-09,12,0,TH_NP15_GEN-APND,TH_NP15_GEN-APND,TH_NP15_GEN-APND,DAM,MCL,LMP_LOSS_PRC,TH_NP15_GEN-APND,ALL_APNODES,0,0.14769,4
2025-05-09T13:00:00-00:00,2025-05-09T14:00:00-00:00,2025-05-09,7,0,TH_NP15_GEN-APND,TH_NP15_GEN-APND,TH_NP15_GEN-APND,DAM,MCL,LMP_LOSS_PRC,TH_NP15_GEN-APND,ALL_APNODES,0,-1.63604,4
2025-05-09T15:00:00-00:00,2025-05-09T16:00:00-00:00,2025-05-09,9,0,TH_NP15_GEN-APND,TH_NP15_GEN-APND,TH_NP15_GEN-APND,DAM,MCL,LMP_LOSS_PRC,TH_NP15_GEN-APND,ALL_APNODES,0,0.0,4
2025-05-09T08:00:00-00:00,2025-05-09T09:00:00-00:00,2025-05-09,2,0,TH_NP15_GEN-APND,TH_NP15_GEN-APND,TH_NP15_GEN-APND,DAM,MCL,LMP_LOSS_PRC,TH_NP15_GEN-APND,ALL_APNODES,0,-3.08141,4
2025-05-09T07:00:00-00:00,2025-05-09T08:00:00-00:00,2025-05-09,1,0,TH_NP15_GEN-APND,TH_NP15_GEN-APND,TH_NP15_GEN-APND,DAM,MCL,LMP_LOSS_PRC,TH_NP15_GEN-APND,ALL_APNODES,0,-3.31495,4
2025-05-09T12:00:00-00:00,2025-05-09T13:00:00-00:00,2025-05-09,6,0,TH_NP15_GEN-APND,TH_NP15_GEN-APND,TH_NP15_GEN-APND,DAM,MCL,LMP_LOSS_PRC,TH_NP15_GEN-APND,ALL_APNODES,0,-2.76405,4
2025-05-09T11:00:00-00:00,2025-05-09T12:00:00-00:00,2025-05-09,5,0,TH_NP15_GEN-APND,TH_NP15_GEN-APND,TH_NP15_GEN-APND,DAM,MCL,LMP_LOSS_PRC,TH_NP15_GEN-APND,ALL_APNODES,0,-2.67049,4
2025-05-09T10:00:00-00:00,2025-05-09T11:00:00-00:00,2025-05-09,4,0,TH_NP15_GEN-APND,TH_NP15_GEN-APND,TH_NP15_GEN-APND,DAM,MCL,LMP_LOSS_PRC,TH_NP15_GEN-APND,ALL_APNODES,0,-2.41696,4
2025-05-10T03:00:00-00:00,2025-05-10T04:00:00-00:00,2025-05-09,21,0,TH_NP15_GEN-APND,TH_NP15_GEN-APND,TH_NP15_GEN-APND,DAM,MCL,LMP_LOSS_PRC,TH_NP15_GEN-APND,ALL_APNODES,0,-2.36232,4
2025-05-09T09:00:00-00:00,2025-05-09T10:00:00-00:00,2025-05-09,3,0,TH_NP15_GEN-APND,TH_NP15_GEN-APND,TH_NP15_GEN-APND,DAM,MCL,LMP_LOSS_PRC,TH_NP15_GEN-APND,ALL_APNODES,0,-2.53934,4
2025-05-09T22:00:00-00:00,2025-05-09T23:00:00-00:00,2025-05-09,16,0,TH_NP15_GEN-APND,TH_NP15_GEN-APND,TH_NP15_GEN-APND,DAM,MCL,LMP_LOSS_PRC,TH_NP15_GEN-APND,ALL_APNODES,0,0.45834,4
2025-05-09T22:00:00-00:00,2025-05-09T23:00:00-00:00,2025-05-09,16,0,TH_NP15_GEN-APND,TH_NP15_GEN-APND,TH_NP15_GEN-APND,DAM,MGHG,LMP_GHG_PRC,TH_NP15_GEN-APND,ALL_APNODES,0,0.0,5
2025-05-09T16:00:00-00:00,2025-05-09T17:00:00-00:00,2025-05-09,10,0,TH_NP15_GEN-APND,TH_NP15_GEN-APND,TH_NP15_GEN-APND,DAM,MGHG,LMP_GHG_PRC,TH_NP15_GEN-APND,ALL_APNODES,0,0.0,5
2025-05-10T06:00:00-00:00,2025-05-10T07:00:00-00:00,2025-05-09,24,0,TH_NP15_GEN-APND,TH_NP15_GEN-APND,TH_NP15_GEN-APND,DAM,MGHG,LMP_GHG_PRC,TH_NP15_GEN-APND,ALL_APNODES,0,0.0,5
2025-05-10T01:00:00-00:00,2025-05-10T02:00:00-00:00,2025-05-09,19,0,TH_NP15_GEN-APND,TH_NP15_GEN-APND,TH_NP15_GEN-APND,DAM,MGHG,LMP_GHG_PRC,TH_NP15_GEN-APND,ALL_APNODES,0,0.0,5
2025-05-09T20:00:00-00:00,2025-05-09T21:00:00-00:00,2025-05-09,14,0,TH_NP15_GEN-APND,TH_NP15_GEN-APND,TH_NP15_GEN-APND,DAM,MGHG,LMP_GHG_PRC,TH_NP15_GEN-APND,ALL_APNODES,0,0.0,5
2025-05-09T19:00:00-00:00,2025-05-09T20:00:00-00:00,2025-05-09,13,0,TH_NP15_GEN-APND,TH_NP15_GEN-APND,TH_NP15_GEN-APND,DAM,MGHG,LMP_GHG_PRC,TH_NP15_GEN-APND,ALL_APNODES,0,0.0,5
2025-05-09T17:00:00-00:00,2025-05-09T18:00:00-00:00,2025-05-09,11,0,TH_NP15_GEN-APND,TH_NP15_GEN-APND,TH_NP15_GEN-APND,DAM,MGHG,LMP_GHG_PRC,TH_NP15_GEN-APND,ALL_APNODES,0,0.0,5
2025-05-09T13:00:00-00:00,2025-05-09T14:00:00-00:00,2025-05-09,7,0,TH_NP15_GEN-APND,TH_NP15_GEN-APND,TH_NP15_GEN-APND,DAM,MGHG,LMP_GHG_PRC,TH_NP15_GEN-APND,ALL_APNODES,0,0.0,5
2025-05-09T23:00:00-00:00,2025-05-10T00:00:00-00:00,2025-05-09,17,0,TH_NP15_GEN-APND,TH_NP15_GEN-APND,TH_NP15_GEN-APND,DAM,MGHG,LMP_GHG_PRC,TH_NP15_GEN-APND,ALL_APNODES,0,0.0,5
2025-05-09T09:00:00-00:00,2025-05-09T10:00:00-00:00,2025-05-09,3,0,TH_NP15_GEN-APND,TH_NP15_GEN-APND,TH_NP15_GEN-APND,DAM,MGHG,LMP_GHG_PRC,TH_NP15_GEN-APND,ALL_APNODES,0,0.0,5
2025-05-10T00:00:00-00:00,2025-05-10T01:00:00-00:00,2025-05-09,18,0,TH_NP15_GEN-APND,TH_NP15_GEN-APND,TH_NP15_GEN-APND,DAM,MGHG,LMP_GHG_PRC,TH_NP15_GEN-APND,ALL_APNODES,0,0.0,5
2025-05-10T04:00:00-00:00,2025-05-10T05:00:00-00:00,2025-05-09,22,0,TH_NP15_GEN-APND,TH_NP15_GEN-APND,TH_NP15_GEN-APND,DAM,MGHG,LMP_GHG_PRC,TH_NP15_GEN-APND,ALL_APNODES,0,0.0,5
2025-05-09T07:00:00-00:00,2025-05-09T08:00:00-00:00,2025-05-09,1,0,TH_NP15_GEN-APND,TH_NP15_GEN-APND,TH_NP15_GEN-APND,DAM,MGHG,LMP_GHG_PRC,TH_NP15_GEN-APND,ALL_APNODES,0,0.0,5
2025-05-09T15:00:00-00:00,2025-05-09T16:00:00-00:00,2025-05-09,9,0,TH_NP15_GEN-APND,TH_NP15_GEN-APND,TH_NP15_GEN-APND,DAM,MGHG,LMP_GHG_PRC,TH_NP15_GEN-APND,ALL_APNODES,0,0.0,5
2025-05-09T14:00:00-00:00,2025-05-09T15:00:00-00:00,2025-05-09,8,0,TH_NP15_GEN-APND,TH_NP15_GEN-APND,TH_NP15_GEN-APND,DAM,MGHG,LMP_GHG_PRC,TH_NP15_GEN-APND,ALL_APNODES,0,0.0,5
2025-05-10T03:00:00-00:00,2025-05-10T04:00:00-00:00,2025-05-09,21,0,TH_NP15_GEN-APND,TH_NP15_GEN-APND,TH_NP15_GEN-APND,DAM,MGHG,LMP_GHG_PRC,TH_NP15_GEN-APND,ALL_APNODES,0,0.0,5
2025-05-09T21:00:00-00:00,2025-05-09T22:00:00-00:00,2025-05-09,15,0,TH_NP15_GEN-APND,TH_NP15_GEN-APND,TH_NP15_GEN-APND,DAM,MGHG,LMP_GHG_PRC,TH_NP15_GEN-APND,ALL_APNODES,0,0.0,5
2025-05-09T18:00:00-00:00,2025-05-09T19:00:00-00:00,2025-05-09,12,0,TH_NP15_GEN-APND,TH_NP15_GEN-APND,TH_NP15_GEN-APND,DAM,MGHG,LMP_GHG_PRC,TH_NP15_GEN-APND,ALL_APNODES,0,0.0,5
2025-05-09T11:00:00-00:00,2025-05-09T12:00:00-00:00,2025-05-09,5,0,TH_NP15_GEN-APND,TH_NP15_GEN-APND,TH_NP15_GEN-APND,DAM,MGHG,LMP_GHG_PRC,TH_NP15_GEN-APND,ALL_APNODES,0,0.0,5
2025-05-09T10:00:00-00:00,2025-05-09T11:00:00-00:00,2025-05-09,4,0,TH_NP15_GEN-APND,TH_NP15_GEN-APND,TH_NP15_GEN-APND,DAM,MGHG,LMP_GHG_PRC,TH_NP15_GEN-APND,ALL_APNODES,0,0.0,5
2025-05-10T02:00:00-00:00,2025-05-10T03:00:00-00:00,2025-05-09,20,0,TH_NP15_GEN-APND,TH_NP15_GEN-APND,TH_NP15_GEN-APND,DAM,MGHG,LMP_GHG_PRC,TH_NP15_GEN-APND,ALL_APNODES,0,0.0,5
2025-05-10T05:00:00-00:00,2025-05-10T06:00:00-00:00,2025-05-09,23,0,TH_NP15_GEN-APND,TH_NP15_GEN-APND,TH_NP15_GEN-APND,DAM,MGHG,LMP_GHG_PRC,TH_NP15_GEN-APND,ALL_APNODES,0,0.0,5
2025-05-09T12:00:00-00:00,2025-05-09T13:00:00-00:00,2025-05-09,6,0,TH_NP15_GEN-APND,TH_NP15_GEN-APND,TH_NP15_GEN-APND,DAM,MGHG,LMP_GHG_PRC,TH_NP15_GEN-APND,ALL_APNODES,0,0.0,5
2025-05-09T08:00:00-00:00,2025-05-09T09:00:00-00:00,2025-05-09,2,0,TH_NP15_GEN-APND,TH_NP15_GEN-APND,TH_NP15_GEN-APND,DAM,MGHG,LMP_GHG_PRC,TH_NP15_GEN-APND,ALL_APNODES,0,0.0,5
