interaction_count,mean_raw_ramp_reward,mean_raw_incremental_ramp_impact,episode_count,mean_completed_episode_return,elapsed_seconds
2048,-1.4781960535147877e-06,1.4781960535147877e-06,72,-3.52516681477501e-05,24.81527110002935
4096,2.2888912760594383e-06,-2.2888912760594383e-06,76,5.4875142722446124e-05,49.51229680003598
6144,2.0037975247779258e-06,-2.0037975247779258e-06,76,5.0550705543602304e-05,74.38064020010643
8192,4.5974652853697254e-06,-4.5974652853697254e-06,76,0.00012328093485369673,99.28820360009558
10240,9.424662879398661e-06,-9.424662879398661e-06,76,0.0002576947975928742,124.26857950002886
12288,1.1834441122002769e-05,-1.1834441122002769e-05,76,0.00030786651305826597,149.9402185000945
14336,1.4833430730109598e-05,-1.4833430730109598e-05,76,0.00039782697139466495,175.76609000004828
16384,1.6822709802775064e-05,-1.6822709802775064e-05,76,0.0004568450072172821,201.5098294999916
18432,1.9068309522623577e-05,-1.9068309522623577e-05,76,0.0005113725116876528,227.1467892001383
20480,2.401570882088602e-05,-2.401570882088602e-05,76,0.000650256562928375,252.6718248000834
22528,2.5505768379793068e-05,-2.5505768379793068e-05,76,0.000675156117447973,277.4902983000502
24576,2.474037382753638e-05,-2.474037382753638e-05,76,0.000671883277747481,302.5410015999805
26624,2.9239193664287368e-05,-2.9239193664287368e-05,76,0.0007871121495221021,328.816780900117
28672,3.0272881391530152e-05,-3.0272881391530152e-05,76,0.0008108344865406306,353.49387040012516
30720,3.401507714916068e-05,-3.401507714916068e-05,76,0.0009190914742161921,378.76797639997676
32768,3.316369301214832e-05,-3.316369301214832e-05,76,0.000897922520924563,403.7953226000536
34816,3.493317536262043e-05,-3.493317536262043e-05,76,0.0009368810886682485,428.5809506000951
36864,3.7632901297358126e-05,-3.7632901297358126e-05,76,0.0010150218202568193,453.73710080003366
38912,3.6324599774583026e-05,-3.6324599774583026e-05,76,0.0009813052437334074,478.6231259999331
40960,3.680591755310691e-05,-3.680591755310691e-05,76,0.0009832113502933782,503.44503009994514
43008,3.9332386062336155e-05,-3.9332386062336155e-05,76,0.0010640839888112008,528.5459046999458
45056,4.021000792700426e-05,-4.021000792700426e-05,76,0.0010879041499181172,553.3695914999116
47104,4.18918576950551e-05,-4.18918576950551e-05,76,0.0011327026106971209,579.1538502001204
49152,4.435176631495688e-05,-4.435176631495688e-05,76,0.00120107771203231,603.910465599969
51200,4.272999540384863e-05,-4.272999540384863e-05,76,0.0011560359878920656,632.0620754000265
53248,4.2325124348213074e-05,-4.2325124348213074e-05,76,0.0011434627457805042,660.0999706999864
55296,4.435655047313278e-05,-4.435655047313278e-05,76,0.001194727559403505,685.6082874999847
57344,4.347867115558386e-05,-4.347867115558386e-05,72,0.0011575292929086054,711.1141653999221
59392,4.4459143387458505e-05,-4.4459143387458505e-05,76,0.001216889039532056,735.6713682000991
61440,4.606091932213752e-05,-4.606091932213752e-05,76,0.0012241393827496483,762.6273429999128
63488,4.529571913175232e-05,-4.529571913175232e-05,76,0.0012390185911613355,790.4402024000883
65536,4.698849261930288e-05,-4.698849261930288e-05,76,0.001255235945771646,817.287426300114
67584,4.576404591101972e-05,-4.576404591101972e-05,76,0.0012493355918077916,842.2516681000125
69632,4.901150960444243e-05,-4.901150960444243e-05,76,0.0013221968691091847,868.9120807999279
71680,4.754652314408747e-05,-4.754652314408747e-05,76,0.0012748153255500107,895.2541847999673
73728,5.066597679478198e-05,-5.066597679478198e-05,76,0.0013702187585681864,930.1063699999359
75776,4.727312341461265e-05,-4.727312341461265e-05,76,0.0012755055265834783,956.3805669001304
77824,5.088890286931878e-05,-5.088890286931878e-05,76,0.001387174595054576,987.1609304000158
79872,5.0435207572193924e-05,-5.0435207572193924e-05,76,0.001343261255308789,1013.9300907000434
81920,4.791807029041815e-05,-4.791807029041815e-05,76,0.0013090598639421871,1042.106780000031
83968,5.278924080461777e-05,-5.278924080461777e-05,76,0.001416036053476129,1071.7921937999781
86016,5.212687893155446e-05,-5.212687893155446e-05,76,0.0014194105786796442,1106.236852900125
88064,5.123068779172567e-05,-5.123068779172567e-05,76,0.001373453032721751,1138.8210046000313
90112,5.159976620064264e-05,-5.159976620064264e-05,76,0.0013969683277478568,1169.6178788000252
92160,5.457245376546152e-05,-5.457245376546152e-05,76,0.0014672212871469602,1199.3525555001106
94208,5.019776716709074e-05,-5.019776716709074e-05,76,0.0013589294383929448,1229.4154475000687
96256,5.020795376483647e-05,-5.020795376483647e-05,76,0.001347897474147249,1260.1284364999738
98304,5.539733382283298e-05,-5.539733382283298e-05,76,0.0014983157673695566,1289.7447464000434
100352,5.21497075442337e-05,-5.21497075442337e-05,76,0.0014046903116810487,1319.5914767000359
102400,5.4680979443940304e-05,-5.4680979443940304e-05,76,0.001478013491829184,1349.5496291001327
104448,5.114101278163596e-05,-5.114101278163596e-05,76,0.001383585163973428,1379.6761485000607
106496,5.4674495286222366e-05,-5.4674495286222366e-05,76,0.001479032514500642,1411.1902384001296
108544,5.433606809401986e-05,-5.433606809401986e-05,76,0.00146891177349485,1440.8954109000042
110592,5.514529257416448e-05,-5.514529257416448e-05,76,0.0014856774944877998,1469.9628870000597
112640,5.3981533345456514e-05,-5.3981533345456514e-05,72,0.0014760488940150336,1499.560354199959
114688,5.1095271178089584e-05,-5.1095271178089584e-05,76,0.001366479341567877,1528.84331450006
116736,5.611849225410528e-05,-5.611849225410528e-05,76,0.0015175547218642424,1558.7353668999858
118784,5.6677885261645415e-05,-5.6677885261645415e-05,76,0.0015280132601935734,1588.9625532000791
120832,5.6486103216836256e-05,-5.6486103216836256e-05,76,0.001510641593251686,1618.5617059001233
122880,5.483728960519538e-05,-5.483728960519538e-05,76,0.0014901824501064257,1648.4488508999348
124928,5.455481546521053e-05,-5.455481546521053e-05,76,0.0014687336201854308,1677.4784552999772
126976,5.540135655809454e-05,-5.540135655809454e-05,76,0.0014779777660858498,1706.5673966000322
129024,5.451478158950853e-05,-5.451478158950853e-05,76,0.0014881593873931759,1735.8444364999887
131072,5.731018798072032e-05,-5.731018798072032e-05,76,0.0015522350411187502,1765.443146500038
133120,5.6590662607415806e-05,-5.6590662607415806e-05,76,0.0015327032963666355,1795.1725656001363
135168,5.691741746572388e-05,-5.691741746572388e-05,76,0.0015357594042125977,1824.376268699998
137216,5.566551395152519e-05,-5.566551395152519e-05,76,0.0015024291429315336,1854.827416199958
139264,5.48350823929509e-05,-5.48350823929509e-05,76,0.0014808659599254794,1886.5880861999467
141312,5.7538278436447384e-05,-5.7538278436447384e-05,76,0.0015535932070868212,1916.729475500062
143360,5.6966087906294246e-05,-5.6966087906294246e-05,76,0.0015387474584701397,1944.0831242999993
145408,5.7454877411902285e-05,-5.7454877411902285e-05,76,0.0015466604774171948,1971.5898842001334
147456,5.985414376313411e-05,-5.985414376313411e-05,76,0.001617164213267575,1998.9687193999998
149504,5.560964958991018e-05,-5.560964958991018e-05,76,0.0014957935342831046,2025.6924624000676
151552,5.887112020974617e-05,-5.887112020974617e-05,76,0.0015798396173228987,2052.719730100129
153600,5.99928620636548e-05,-5.99928620636548e-05,76,0.0016244571579632295,2079.813193399925
155648,5.79467516803174e-05,-5.79467516803174e-05,76,0.0015653306226099649,2106.68778700009
157696,5.716178668467491e-05,-5.716178668467491e-05,76,0.001549047207511111,2134.648833400104
159744,5.96235426275679e-05,-5.96235426275679e-05,76,0.0016092096132829766,2162.373616399942
161792,5.751421864608987e-05,-5.751421864608987e-05,76,0.001553291461497291,2189.783714200137
163840,5.950414197977812e-05,-5.950414197977812e-05,76,0.0016114848888604209,2216.368532499997
165888,5.6496159653587885e-05,-5.6496159653587885e-05,76,0.0015218227569518087,2244.6867146999575
167936,5.6301681021197594e-05,-5.6301681021197594e-05,72,0.0015089844676989795,2271.889425399946
169984,6.272897368488019e-05,-6.272897368488019e-05,76,0.0016896279146789118,2298.965129100019
172032,6.111446978398495e-05,-6.111446978398495e-05,76,0.0016525762275159538,2325.527181700105
174080,5.96187437715117e-05,-5.96187437715117e-05,76,0.0016212739296451182,2352.274082900025
176128,5.840265125024095e-05,-5.840265125024095e-05,76,0.0015619655932829334,2379.8615969000384
178176,5.7997679267342895e-05,-5.7997679267342895e-05,76,0.0015745987329277063,2406.735869199969
180224,5.971040852889799e-05,-5.971040852889799e-05,76,0.0016224894063687667,2434.212997100083
182272,6.00101654583341e-05,-6.00101654583341e-05,76,0.001609243222749688,2460.2718515000306
184320,6.134714758069992e-05,-6.134714758069992e-05,76,0.001648990089007391,2486.8343483000062
186368,5.9359033430693495e-05,-5.9359033430693495e-05,76,0.0016239338175811928,2513.522026099963
188416,5.968430423503093e-05,-5.968430423503093e-05,76,0.0016009554842433234,2540.9648540001363
190464,6.19642367234587e-05,-6.19642367234587e-05,76,0.0016869377366821895,2568.44922509999
192512,6.004844221399641e-05,-6.004844221399641e-05,76,0.0016176029189326748,2595.061491300119
194560,5.884393807197939e-05,-5.884393807197939e-05,76,0.001574617864564421,2622.013548000017
196608,6.0752396128361345e-05,-6.0752396128361345e-05,76,0.0016495394432064208,2648.429673400009
198656,6.239792128431149e-05,-6.239792128431149e-05,76,0.0016817933462942806,2675.0116793999914
200704,5.969000850347176e-05,-5.969000850347176e-05,76,0.0016030933915321711,2701.7852986999787
202752,6.1018517711409886e-05,-6.1018517711409886e-05,76,0.0016591186703138509,2728.5890174999367
204800,6.138367490950794e-05,-6.138367490950794e-05,76,0.0016533181889860265,2755.0709530999884
206848,6.259493262896341e-05,-6.259493262896341e-05,76,0.0016850111740384672,2782.035411800025
208896,5.992069160966189e-05,-5.992069160966189e-05,76,0.0016116944856400136,2810.383151000133
210944,5.831254431612862e-05,-5.831254431612862e-05,76,0.0015803264484076723,2838.858103600098
212992,6.407227493564487e-05,-6.407227493564487e-05,76,0.0017313393547366146,2867.311587699922
215040,5.824105885819829e-05,-5.824105885819829e-05,76,0.0015754011415383602,2896.0730946999975
217088,6.489892491217646e-05,-6.489892491217646e-05,76,0.0017550554592300855,2924.5889385000337
219136,6.305400039233026e-05,-6.305400039233026e-05,76,0.0017017809029305133,2953.432790599996
221184,6.338409015080776e-05,-6.338409015080776e-05,76,0.001707029275985708,2983.5434874999337
223232,5.9156353933806295e-05,-5.9156353933806295e-05,72,0.0015879949303071383,3011.8265104000457
225280,6.240955570813755e-05,-6.240955570813755e-05,76,0.0016758298994567992,3041.6628177000675
227328,6.283916860675902e-05,-6.283916860675902e-05,76,0.0017044809049985064,3069.9862991999835
229376,6.181578241902534e-05,-6.181578241902534e-05,76,0.001687012155171836,3099.19555100007
231424,6.082214721531473e-05,-6.082214721531473e-05,76,0.0016371403505477603,3126.8006504001096
233472,6.460990925546089e-05,-6.460990925546089e-05,76,0.0017536172301764992,3154.674331099959
235520,6.468906929553084e-05,-6.468906929553084e-05,76,0.0017178288780249366,3180.6694519999437
237568,6.306034166274395e-05,-6.306034166274395e-05,76,0.001722564832403472,3207.6113591999747
239616,6.27662807235867e-05,-6.27662807235867e-05,76,0.001683624870085666,3234.347732299939
241664,6.391551607389139e-05,-6.391551607389139e-05,76,0.0017436952648689876,3261.483938300051
243712,6.225553262722173e-05,-6.225553262722173e-05,76,0.0016620935062455408,3289.0451354999095
245760,6.206707472736968e-05,-6.206707472736968e-05,76,0.0016963103416981276,3316.36705780006
247808,6.66790530856681e-05,-6.66790530856681e-05,76,0.001781726301685196,3344.0444106999785
249856,6.354006565458777e-05,-6.354006565458777e-05,76,0.0017250090315755792,3371.050064299954
251904,6.36683463750732e-05,-6.36683463750732e-05,76,0.0017098038234641822,3398.1438090999145
253952,6.103305282045136e-05,-6.103305282045136e-05,76,0.0016562086458275184,3425.1842483000364
256000,6.189336651945542e-05,-6.189336651945542e-05,76,0.001674685399847124,3452.073458699975
258048,6.191547835590142e-05,-6.191547835590142e-05,76,0.001662993720961843,3478.9112118999474
260096,6.218221181097586e-05,-6.218221181097586e-05,76,0.0016629784723077184,3505.7296575999353
262144,6.766976684378427e-05,-6.766976684378427e-05,76,0.0018346205309901008,3532.7413335000165
264192,6.3710460305173e-05,-6.3710460305173e-05,76,0.001716909180193154,3559.8813024000265
266240,6.111680120779109e-05,-6.111680120779109e-05,76,0.0016490651219837915,3587.21250350005
268288,6.721008200900343e-05,-6.721008200900343e-05,76,0.0018225265470408149,3614.686891700141
270336,6.226204785494168e-05,-6.226204785494168e-05,76,0.0016806035986757495,3642.6973717999645
272384,6.312274981428383e-05,-6.312274981428383e-05,76,0.0017072122884629055,3669.1141568999738
274432,6.281929174563276e-05,-6.281929174563276e-05,76,0.0017004751620539689,3696.337882100139
276480,6.474293799998912e-05,-6.474293799998912e-05,76,0.0017441409368348746,3723.24917490012
278528,6.541885283316227e-05,-6.541885283316227e-05,72,0.0017751936479498286,3751.331566100009
280576,6.7935646164789e-05,-6.7935646164789e-05,76,0.0018109072992482324,3780.5560616999865
282624,6.219475632025704e-05,-6.219475632025704e-05,76,0.0016772240036893773,3808.2274124000687
284672,6.304353173667295e-05,-6.304353173667295e-05,76,0.0017123896897504795,3835.5990321999416
286720,6.40190199778315e-05,-6.40190199778315e-05,76,0.0017565924631485028,3863.080518499948
288768,6.50906113675552e-05,-6.50906113675552e-05,76,0.0017463515852470608,3892.776699000038
290816,6.500842079728918e-05,-6.500842079728918e-05,76,0.0017565917827035017,3920.1241765001323
292864,6.188587422039916e-05,-6.188587422039916e-05,76,0.0016551052716214858,3948.0529499000404
294912,6.839798191332916e-05,-6.839798191332916e-05,76,0.0018556471165813778,3975.8728074999526
296960,6.461246546567343e-05,-6.461246546567343e-05,76,0.001754085070204737,4008.0897427001037
299008,6.550737729298336e-05,-6.550737729298336e-05,76,0.0017448897858848432,4036.5106232999824
301056,6.348449708873024e-05,-6.348449708873024e-05,76,0.0017173986451539081,4063.6369950000662
303104,6.812196096755261e-05,-6.812196096755261e-05,76,0.0018586292598230306,4091.0347086000256
305152,6.412734582712046e-05,-6.412734582712046e-05,76,0.0017354392462129256,4118.003755999962
307200,6.547143403042343e-05,-6.547143403042343e-05,76,0.0017648623021130974,4144.489234500099
309248,6.60233707410217e-05,-6.60233707410217e-05,76,0.0017821738520441698,4172.564541199943
311296,6.460961949251178e-05,-6.460961949251178e-05,76,0.001732779735984335,4201.652933200123
313344,6.427856881770267e-05,-6.427856881770267e-05,76,0.0017348468932063376,4228.6235760001
315392,6.63780803185901e-05,-6.63780803185901e-05,76,0.0017953362346744598,4255.380571899936
317440,6.732855263651578e-05,-6.732855263651578e-05,76,0.0018101214874198589,4283.619824399939
319488,6.434682137378031e-05,-6.434682137378031e-05,76,0.001733779213128638,4311.290262100054
321536,6.484995356193472e-05,-6.484995356193472e-05,76,0.001757642694652762,4339.1471839000005
323584,6.231194156815921e-05,-6.231194156815921e-05,76,0.0016752816623658996,4366.790388700087
325632,6.623602126957685e-05,-6.623602126957685e-05,76,0.0017904798909812107,4393.768061300041
327680,6.606176545697996e-05,-6.606176545697996e-05,76,0.0017945867317301853,4421.321910199942
329728,6.744534145004795e-05,-6.744534145004795e-05,76,0.0018214909003097881,4448.250859000022
331776,6.835995833209767e-05,-6.835995833209767e-05,76,0.0018396828189892254,4475.61312330002
333824,6.903095798633434e-05,-6.903095798633434e-05,72,0.001866062738601333,4502.474725200096
335872,6.564385713408035e-05,-6.564385713408035e-05,76,0.0017780241510265452,4529.879658299964
337920,6.553943084214099e-05,-6.553943084214099e-05,76,0.0017602734255464214,4557.579348300118
339968,6.674943281687451e-05,-6.674943281687451e-05,76,0.0018210843428415645,4586.290460899938
342016,6.404051513875464e-05,-6.404051513875464e-05,76,0.0017223958424946349,4614.143953599967
344064,6.671317143430394e-05,-6.671317143430394e-05,76,0.0018130844816286729,4639.309103599982
346112,6.958408905275126e-05,-6.958408905275126e-05,76,0.0018823784726818443,4665.952235700097
348160,6.615462025561959e-05,-6.615462025561959e-05,76,0.0017761697659306127,4691.715114000021
350208,6.57901150324523e-05,-6.57901150324523e-05,76,0.0017592419221869385,4719.27955480013
352256,7.097700394330034e-05,-7.097700394330034e-05,76,0.001927430744571236,4746.737843099982
354304,6.408382377395671e-05,-6.408382377395671e-05,76,0.001724708221478726,4773.7064271001145
356352,6.728055564704273e-05,-6.728055564704273e-05,76,0.001820557318763335,4799.476220400073
358400,6.823090205059881e-05,-6.823090205059881e-05,76,0.001843108015225814,4824.120010300074
360448,6.729935828512395e-05,-6.729935828512395e-05,76,0.0018107436363904172,4848.6430514999665
362496,6.823783153756804e-05,-6.823783153756804e-05,76,0.0018515573979924625,4874.557870300021
364544,6.800401337610973e-05,-6.800401337610973e-05,76,0.0018323781542542814,4898.963153700111
366592,6.222259803662891e-05,-6.222259803662891e-05,76,0.0016762337446896557,4923.584330300102
368640,6.619697741629105e-05,-6.619697741629105e-05,76,0.0017894220592464196,4948.494802700123
370688,6.711079482733927e-05,-6.711079482733927e-05,76,0.0018029669221367097,4973.212816799991
372736,6.636356516890739e-05,-6.636356516890739e-05,76,0.001786392299341194,4998.773980499944
374784,6.844903871351764e-05,-6.844903871351764e-05,76,0.0018493180048263092,5024.331415000139
376832,6.722688865338738e-05,-6.722688865338738e-05,76,0.001817737552661781,5049.612969700014
378880,6.737746077635116e-05,-6.737746077635116e-05,76,0.0018231655612926476,5075.079584900057
380928,6.780988779140644e-05,-6.780988779140644e-05,76,0.0018316879405789195,5100.07704299991
382976,6.657440143476616e-05,-6.657440143476616e-05,76,0.0018020119295455621,5124.53868680005
385024,6.816691172195725e-05,-6.816691172195725e-05,76,0.0018420730284960673,5148.28352930001
387072,6.901186998706723e-05,-6.901186998706723e-05,76,0.001859241800829526,5172.11153590004
389120,6.765837373128611e-05,-6.765837373128611e-05,72,0.0018246716994976672,5196.339247300057
391168,6.821144872100034e-05,-6.821144872100034e-05,76,0.0018296819851791712,5220.808777299942
393216,6.838487424494384e-05,-6.838487424494384e-05,76,0.0018552054189653674,5244.844350900035
395264,6.472994096716745e-05,-6.472994096716745e-05,76,0.0017695120543807326,5270.591581100132
397312,6.885076104964653e-05,-6.885076104964653e-05,76,0.0018476662080622122,5295.689550400013
399360,7.002105579915214e-05,-7.002105579915214e-05,76,0.0018942292226491032,5320.7015378000215
401408,6.69861514132335e-05,-6.69861514132335e-05,76,0.001801852757994591,5345.233614400029
403456,6.622924963204279e-05,-6.622924963204279e-05,76,0.0018057890732846367,5369.33659969992
405504,6.940380367905218e-05,-6.940380367905218e-05,76,0.0018714416055905893,5393.662236700067
407552,6.419988177053028e-05,-6.419988177053028e-05,76,0.0017283012114317534,5417.383269099984
409600,6.669617275371372e-05,-6.669617275371372e-05,76,0.001798519605292352,5441.733194899978
411648,6.804223550728733e-05,-6.804223550728733e-05,76,0.0018342233247821116,5465.621856800048
413696,6.824528462400172e-05,-6.824528462400172e-05,76,0.0018299612988801912,5489.479280000087
415744,7.123037519932119e-05,-7.123037519932119e-05,76,0.0019294764103627703,5513.632341000019
417792,7.02933916635699e-05,-7.02933916635699e-05,76,0.0019047679906424363,5537.502889200114
419840,6.584720695131701e-05,-6.584720695131701e-05,76,0.001781632529864515,5561.1579036000185
421888,6.952147427108978e-05,-6.952147427108978e-05,76,0.0018756021579144973,5585.412560499972
423936,6.68600354360413e-05,-6.68600354360413e-05,76,0.0017970822122885843,5608.970153500093
425984,6.811710611672504e-05,-6.811710611672504e-05,76,0.0018370513472803164,5632.712807100033
428032,7.246576092585124e-05,-7.246576092585124e-05,76,0.0019534496886706642,5657.017287299968
430080,6.468869995435269e-05,-6.468869995435269e-05,76,0.0017428192529778152,5681.641315700021
432128,7.111885889273733e-05,-7.111885889273733e-05,76,0.0019210697463321689,5705.670368700055
434176,6.629443447254445e-05,-6.629443447254445e-05,76,0.0017966715966717972,5730.36617449997
436224,6.839864746851048e-05,-6.839864746851048e-05,76,0.0018455935001408295,5754.5851896000095
438272,6.969353519651198e-05,-6.969353519651198e-05,76,0.0018782300508778218,5779.087796299951
440320,6.986015344355066e-05,-6.986015344355066e-05,76,0.0018932024803336284,5803.275438500103
442368,6.710593418500012e-05,-6.710593418500012e-05,76,0.0018087141965690637,5828.14213729999
444416,6.744177546172227e-05,-6.744177546172227e-05,72,0.0018335237866933607,5852.236947800033
446464,6.926101750566692e-05,-6.926101750566692e-05,76,0.0018647986209244175,5876.172143199947
448512,7.026240247556881e-05,-7.026240247556881e-05,76,0.0018753026527366828,5901.0695066000335
450560,6.734653251613015e-05,-6.734653251613015e-05,76,0.0018167217659945335,5926.216523699928
452608,7.294445214894391e-05,-7.294445214894391e-05,76,0.001995871160672522,5950.879332100041
454656,6.670949459653392e-05,-6.670949459653392e-05,76,0.0018077768442865245,5975.706110500032
456704,6.75228673453976e-05,-6.75228673453976e-05,76,0.001815861881711721,5999.636206700001
458752,6.936994863521314e-05,-6.936994863521314e-05,76,0.0018569182534904445,6023.98468429991
460800,6.633898507818226e-05,-6.633898507818226e-05,76,0.0018098950705314658,6048.297142799944
462848,7.021053212150301e-05,-7.021053212150301e-05,76,0.0018729709958287698,6072.393800199963
464896,6.725569160260543e-05,-6.725569160260543e-05,76,0.0018343593430362353,6097.241945000133
466944,7.19473615728727e-05,-7.19473615728727e-05,76,0.0019354735678251635,6121.81022120011
468992,6.63786931435654e-05,-6.63786931435654e-05,76,0.0017990618121136693,6146.713597200112
471040,7.098934234746977e-05,-7.098934234746977e-05,76,0.0019115181546171891,6171.0913684999105
473088,7.223108476769148e-05,-7.223108476769148e-05,76,0.001945177720541084,6195.52163870004
475136,6.811983173393089e-05,-6.811983173393089e-05,76,0.0018511667064056276,6219.135197900003
477184,7.047718427146703e-05,-7.047718427146703e-05,76,0.0018963173414671102,6243.31074360013
479232,6.58109707550592e-05,-6.58109707550592e-05,76,0.0017746290759910216,6267.389129300136
481280,6.805472355924505e-05,-6.805472355924505e-05,76,0.0018302062416894673,6291.280060100136
483328,7.090148384382392e-05,-7.090148384382392e-05,76,0.0019147001112530266,6315.688245299971
485376,6.897878154164385e-05,-6.897878154164385e-05,76,0.0018607941274173705,6340.041748699965
487424,6.732124878139968e-05,-6.732124878139968e-05,76,0.0018128655213233607,6364.6974828999955
489472,7.226247594249037e-05,-7.226247594249037e-05,76,0.001960668405341582,6391.839378700126
491520,6.761592137058582e-05,-6.761592137058582e-05,76,0.0018271481249228798,6417.797160099959
493568,7.034259323769086e-05,-7.034259323769086e-05,76,0.0019063457111148272,6443.616046699928
495616,6.765883817466114e-05,-6.765883817466114e-05,76,0.0018232803135479123,6469.623390099965
497664,7.105002434629811e-05,-7.105002434629811e-05,76,0.0019147153375695617,6495.994948799955
499712,7.117327217676006e-05,-7.117327217676006e-05,72,0.0019203383135934261,6521.942421399988
501760,7.064990117845978e-05,-7.064990117845978e-05,76,0.0019099303503064024,6547.8011193999555
503808,6.91394857482556e-05,-6.91394857482556e-05,76,0.0018684589178785526,6574.321248699911
505856,6.788699931664817e-05,-6.788699931664817e-05,76,0.0018299015915507894,6599.865498099942
507904,6.917970774802041e-05,-6.917970774802041e-05,76,0.001871036909441106,6628.687869100133
509952,6.945744026743465e-05,-6.945744026743465e-05,76,0.0018757300695930953,6655.296761000063
512000,7.104595712452339e-05,-7.104595712452339e-05,76,0.0019216162041336613,6681.503854300128
514048,7.113891268811353e-05,-7.113891268811353e-05,76,0.0019135158700953928,6709.715760800056
516096,6.719019323245354e-05,-6.719019323245354e-05,76,0.0018203261955731418,6734.870734400116
518144,6.95698592080099e-05,-6.95698592080099e-05,76,0.0018889009466580948,6759.452498500003
520192,6.730353023741844e-05,-6.730353023741844e-05,76,0.0018076127260858988,6783.606402500067
522240,7.260194204571939e-05,-7.260194204571939e-05,76,0.0019590761666854655,6807.75958120008
524288,6.927696158746402e-05,-6.927696158746402e-05,76,0.0018617323782034877,6832.205330800032
526336,6.877008974808923e-05,-6.877008974808923e-05,76,0.0018785706809254013,6856.579832100077
528384,6.936003281550265e-05,-6.936003281550265e-05,76,0.0018560168453576156,6881.1684264000505
530432,7.167633457000337e-05,-7.167633457000337e-05,76,0.0019441268032154247,6905.373011500109
532480,6.968165182079025e-05,-6.968165182079025e-05,76,0.0018801419992277861,6929.129876000108
534528,7.157871676075096e-05,-7.157871676075096e-05,76,0.0019144442743582602,6952.67631660006
536576,6.884987892024234e-05,-6.884987892024234e-05,76,0.0018649876066415393,6977.149622699944
538624,7.184636289356871e-05,-7.184636289356871e-05,76,0.00194487235418743,7001.510679099942
540672,6.853494195699925e-05,-6.853494195699925e-05,76,0.001837064022702141,7025.830228900071
542720,6.952469534668153e-05,-6.952469534668153e-05,76,0.0018766101694055982,7051.004811099963
544768,6.818843703291301e-05,-6.818843703291301e-05,76,0.0018487249952259858,7075.809141200036
546816,6.924104366661115e-05,-6.924104366661115e-05,76,0.0018727772799339553,7100.7496178001165
548864,7.094736392697156e-05,-7.094736392697156e-05,76,0.0019217688929490876,7124.540713499999
550912,6.973512554219664e-05,-6.973512554219664e-05,76,0.0018836780872566526,7148.683479000116
552960,7.335875838763154e-05,-7.335875838763154e-05,76,0.001976303950871911,7172.9063516999595
555008,7.052666909044832e-05,-7.052666909044832e-05,72,0.0019092752905513295,7197.492526100017
557056,7.098182367814413e-05,-7.098182367814413e-05,76,0.001910886721745846,7221.549738599919
559104,7.080873175043878e-05,-7.080873175043878e-05,76,0.0018947302631008498,7246.120416100137
561152,7.26758478272365e-05,-7.26758478272365e-05,76,0.0019492892114276249,7270.267831699923
563200,6.944574113092258e-05,-6.944574113092258e-05,76,0.0018911255186063,7294.932297399966
565248,6.694294310147704e-05,-6.694294310147704e-05,76,0.0018389875197296456,7319.446568300016
567296,7.011360976104553e-05,-7.011360976104553e-05,76,0.0018642302266110413,7343.97180430009
569344,6.839113712030361e-05,-6.839113712030361e-05,76,0.0018416672454354545,7368.717736199964
571392,7.126790220148302e-05,-7.126790220148302e-05,76,0.001935118034537955,7393.061497600051
573440,6.920972022377334e-05,-6.920972022377334e-05,76,0.0018667083635067546,7416.986963100033
575488,7.125037617361492e-05,-7.125037617361492e-05,76,0.0019355662603350555,7440.974989200011
577536,6.907696871499593e-05,-6.907696871499593e-05,76,0.001866937970461671,7465.127259700093
579584,7.400244125287033e-05,-7.400244125287033e-05,76,0.0020073802446429014,7489.070534700062
581632,7.068792211877283e-05,-7.068792211877283e-05,76,0.0019025210774465562,7513.229940900113
583680,7.044522435627993e-05,-7.044522435627993e-05,76,0.0019001401415877088,7537.2150976001285
585728,7.151860425876389e-05,-7.151860425876389e-05,76,0.0019310441241145167,7561.426834400045
587776,6.978314917904178e-05,-6.978314917904178e-05,76,0.0018863211897052889,7584.886750499951
589824,6.965737636365837e-05,-6.965737636365837e-05,76,0.0018737229875935557,7608.748112400062
591872,7.154099563815677e-05,-7.154099563815677e-05,76,0.0019256272312098508,7633.317654400133
593920,6.999139068795119e-05,-6.999139068795119e-05,76,0.001891018031845155,7657.496724599972
595968,7.106409726172e-05,-7.106409726172e-05,76,0.001916125914480892,7681.460064999992
598016,6.96001408261663e-05,-6.96001408261663e-05,76,0.0018806377123789235,7705.849502499914
600064,6.987116621314746e-05,-6.987116621314746e-05,76,0.0018863953776214898,7729.865651800064
602112,7.122679555246592e-05,-7.122679555246592e-05,76,0.0019271454998169755,7754.479538799962
604160,6.890865575735294e-05,-6.890865575735294e-05,76,0.0018636267882913206,7778.505401500035
606208,7.28199487384767e-05,-7.28199487384767e-05,76,0.001968043765062138,7802.309355000034
608256,7.124725490928329e-05,-7.124725490928329e-05,76,0.001918583700848091,7826.660063399933
610304,7.104438867375372e-05,-7.104438867375372e-05,72,0.0018968802595007448,7850.358575100079
612352,6.805541858768398e-05,-6.805541858768398e-05,76,0.0018454970160760875,7875.127415700117
614400,7.089688645038408e-05,-7.089688645038408e-05,76,0.0019403316193587334,7899.393344399985
616448,7.118255255544081e-05,-7.118255255544081e-05,76,0.001906347914052391,7923.209372200072
618496,7.141656632435977e-05,-7.141656632435977e-05,76,0.0019043303098652809,7947.056315700058
620544,6.959284639606795e-05,-6.959284639606795e-05,76,0.0019150138688237381,7971.341756900074
622592,6.984425468157457e-05,-6.984425468157457e-05,76,0.0018861407704162424,7995.1130393000785
624640,7.21471747231551e-05,-7.21471747231551e-05,76,0.0019276009341852752,8019.197841000045
626688,7.254789144801421e-05,-7.254789144801421e-05,76,0.0019734740985101733,8043.1461815999355
628736,7.280967010646282e-05,-7.280967010646282e-05,76,0.0019564156876980673,8067.207613199949
630784,7.252348504488426e-05,-7.252348504488426e-05,76,0.0019724448762533588,8091.160157300066
632832,7.353091356601721e-05,-7.353091356601721e-05,76,0.0019840182510393657,8114.821721500019
634880,6.808507855591496e-05,-6.808507855591496e-05,76,0.001834617137953635,8138.616231899941
636928,6.801526048122932e-05,-6.801526048122932e-05,76,0.0018422498535027854,8166.746949400054
638976,7.056699010473068e-05,-7.056699010473068e-05,76,0.0019016086376329813,8192.673762500053
641024,6.971562318202346e-05,-6.971562318202346e-05,76,0.001886616297628679,8219.28830679995
643072,7.107078867802674e-05,-7.107078867802674e-05,76,0.0019093979391859956,8247.642274500104
645120,7.27359118575018e-05,-7.27359118575018e-05,76,0.0019523897232422375,8274.420088100014
647168,7.339273928566859e-05,-7.339273928566859e-05,76,0.001987276460658979,8301.59937010007
649216,7.104404288838583e-05,-7.104404288838583e-05,76,0.0019233456675898334,8325.609632699983
651264,7.054278985061806e-05,-7.054278985061806e-05,76,0.0018965906358953683,8349.578988099936
653312,6.980411284238295e-05,-6.980411284238295e-05,76,0.0018814378861888228,8374.23372290004
655360,6.992064331417478e-05,-6.992064331417478e-05,76,0.0018985080971812825,8398.003978200024
657408,7.027698519278634e-05,-7.027698519278634e-05,76,0.0018926018009930209,8422.238419099944
659456,7.292701715082338e-05,-7.292701715082338e-05,76,0.0019777023666281333,8445.91385370004
661504,6.936508034721872e-05,-6.936508034721872e-05,76,0.0018732459538179326,8469.58662889991
663552,7.410471440473828e-05,-7.410471440473828e-05,76,0.0019961639112177085,8493.739940800006
665600,7.162265074644971e-05,-7.162265074644971e-05,72,0.0019370948966979508,8516.934561399976
667648,7.15434959289141e-05,-7.15434959289141e-05,76,0.001927990338912969,8540.737963200081
669696,7.036330177923432e-05,-7.036330177923432e-05,76,0.0019017072137404263,8564.531926800031
671744,7.488626965570402e-05,-7.488626965570402e-05,76,0.002007076991114501,8588.057101499988
673792,7.103955411885153e-05,-7.103955411885153e-05,76,0.001927436115529243,8612.010411900003
675840,7.030876671147017e-05,-7.030876671147017e-05,76,0.001908773562321237,8635.76366279996
677888,7.303330792091647e-05,-7.303330792091647e-05,76,0.001970145886580033,8659.653864900116
679936,7.333421898043991e-05,-7.333421898043991e-05,76,0.0019768039448295515,8684.005707100034
681984,7.288325680408428e-05,-7.288325680408428e-05,76,0.0019845890116819615,8707.138721799944
684032,6.810710079629514e-05,-6.810710079629514e-05,76,0.0018315636080428652,8730.667827300029
686080,7.094945434068628e-05,-7.094945434068628e-05,76,0.001904854042541732,8754.371085900115
688128,7.045080088653898e-05,-7.045080088653898e-05,76,0.0019149702075081847,8777.64849120006
690176,7.297774092864204e-05,-7.297774092864204e-05,76,0.0019610372253186983,8800.611837500008
692224,7.103034123965856e-05,-7.103034123965856e-05,76,0.0019262819465022257,8824.313636000035
694272,7.059681343597426e-05,-7.059681343597426e-05,76,0.0018965055276660484,8848.430700100027
696320,7.239103723447615e-05,-7.239103723447615e-05,76,0.0019615895313776473,8872.286201799987
698368,7.113472337420625e-05,-7.113472337420625e-05,76,0.00190709675912799,8896.93055759999
700416,7.245657599728552e-05,-7.245657599728552e-05,76,0.001967673325071173,8920.165002699941
702464,7.338434306360133e-05,-7.338434306360133e-05,76,0.0019768533496378362,8945.780266399961
704512,7.297360099801203e-05,-7.297360099801203e-05,76,0.0019678461449596923,8972.123198300134
706560,7.070030710322212e-05,-7.070030710322212e-05,76,0.0019015885503435139,8995.774077499984
708608,6.96404852774384e-05,-6.96404852774384e-05,76,0.001880293640051857,9020.09017500002
710656,7.142886268339567e-05,-7.142886268339567e-05,76,0.001930572596370252,9044.56755980011
712704,7.135871341312352e-05,-7.135871341312352e-05,76,0.0019272166320662796,9069.009729200043
714752,7.405376900823638e-05,-7.405376900823638e-05,76,0.002007388874595128,9093.3058015001
716800,7.160837479306119e-05,-7.160837479306119e-05,76,0.0019339735862009084,9116.718654799974
718848,7.134410152720292e-05,-7.134410152720292e-05,76,0.0019224082225376756,9140.945254700026
720896,7.115700590965671e-05,-7.115700590965671e-05,72,0.0019224824099133332,9165.094001499936
722944,7.046805698292482e-05,-7.046805698292482e-05,76,0.0019108018082332847,9189.238035100047
724992,7.389749376848727e-05,-7.389749376848727e-05,76,0.001985994030175465,9213.38856719993
727040,7.158399332245536e-05,-7.158399332245536e-05,76,0.0019383154485148456,9237.42623699992
729088,7.198783193507819e-05,-7.198783193507819e-05,76,0.001962026670008426,9261.476686200127
731136,7.332558305426847e-05,-7.332558305426847e-05,76,0.0019525984886343973,9285.905776900006
733184,7.032109267016086e-05,-7.032109267016086e-05,76,0.0019116191352098633,9309.402084500063
735232,7.406744510689357e-05,-7.406744510689357e-05,76,0.0019838025087356727,9333.279941099929
737280,7.085481285235728e-05,-7.085481285235728e-05,76,0.001923344977842607,9357.003970500082
739328,7.034192403839055e-05,-7.034192403839055e-05,76,0.0019079444135754263,9380.842181599932
741376,7.168050831553976e-05,-7.168050831553976e-05,76,0.001931742731618424,9404.695563900052
743424,7.280506512189695e-05,-7.280506512189695e-05,76,0.0019646861574829978,9428.786572600016
745472,7.131793098632744e-05,-7.131793098632744e-05,76,0.0019202841060701626,9452.804898699978
747520,7.128559527655395e-05,-7.128559527655395e-05,76,0.0019161159739085466,9476.819258300122
749568,7.359605214938532e-05,-7.359605214938532e-05,76,0.0020031013829656195,9500.657516000094
751616,7.173495436246242e-05,-7.173495436246242e-05,76,0.0019419300487023144,9523.98197329999
753664,7.224118544611227e-05,-7.224118544611227e-05,76,0.00193876029607769,9547.831779700005
755712,7.165435190447023e-05,-7.165435190447023e-05,76,0.0019355020574059402,9572.916125900112
757760,7.253490643849457e-05,-7.253490643849457e-05,76,0.001944716725655278,9596.684875400038
759808,7.154971136396962e-05,-7.154971136396962e-05,76,0.0019365888391006236,9621.413516300032
761856,7.239676544111003e-05,-7.239676544111003e-05,76,0.0019492270117465018,9645.920988400001
763904,7.161186178515007e-05,-7.161186178515007e-05,76,0.0019406066478222352,9669.998878200073
765952,7.207591513190075e-05,-7.207591513190075e-05,76,0.0019460541269802458,9694.619940300006
768000,7.323091119495025e-05,-7.323091119495025e-05,76,0.0019799026221593526,9717.891466700006
770048,7.496175370728738e-05,-7.496175370728738e-05,76,0.0020243735284952054,9741.535862599965
772096,6.975041517971597e-05,-6.975041517971597e-05,76,0.0018863903333033512,9765.48825579998
774144,7.178057308907603e-05,-7.178057308907603e-05,76,0.0019337135741817825,9789.287381700007
776192,7.2254510653419e-05,-7.2254510653419e-05,72,0.001963446470341018,9813.245381500106
778240,7.309244615410313e-05,-7.309244615410313e-05,76,0.0019568989358190515,9836.861544700107
780288,7.191098349676593e-05,-7.191098349676593e-05,76,0.0019394026828080306,9860.981354099931
782336,7.042430365575479e-05,-7.042430365575479e-05,76,0.001926133845652581,9884.987609700067
784384,7.426673003655399e-05,-7.426673003655399e-05,76,0.001988259605922081,9908.834930400131
786432,7.223616748758892e-05,-7.223616748758892e-05,76,0.0019467404194328734,9932.726696599973
788480,7.077740865641827e-05,-7.077740865641827e-05,76,0.0019141500035233469,9956.071833200054
790528,7.171182187067287e-05,-7.171182187067287e-05,76,0.0019466310522555316,9980.637661100132
792576,7.249451689804539e-05,-7.249451689804539e-05,76,0.0019273629478790122,10006.082474899944
794624,7.500640726217808e-05,-7.500640726217808e-05,76,0.00203996227237646,10030.894251900027
796672,7.006174690418057e-05,-7.006174690418057e-05,76,0.0019121362841385712,10056.236969700083
798720,7.262582510330769e-05,-7.262582510330769e-05,76,0.001957861391376643,10081.726131600095
800768,7.390518491063229e-05,-7.390518491063229e-05,76,0.0019857488289164458,10106.617622599937
802816,7.21067941349998e-05,-7.21067941349998e-05,76,0.001961144576420827,10132.306777799968
804864,7.315061252267648e-05,-7.315061252267648e-05,76,0.0019616722201338493,10156.599916399922
806912,6.949078157369723e-05,-6.949078157369723e-05,76,0.0018822213229267213,10182.010032400023
808960,7.302625348309746e-05,-7.302625348309746e-05,76,0.001960541225163405,10207.009827099973
811008,7.127109412533343e-05,-7.127109412533343e-05,76,0.0019248292738062126,10232.397201300133
813056,7.573214747298474e-05,-7.573214747298474e-05,76,0.00204125183395051,10258.02460590005
815104,7.379020102045271e-05,-7.379020102045271e-05,76,0.0019923336042716746,10283.198378799949
817152,7.001012243054606e-05,-7.001012243054606e-05,76,0.001893202424849974,10307.656624099938
819200,7.258089933263572e-05,-7.258089933263572e-05,76,0.001956500250891237,10331.901720199967
821248,7.047529315026683e-05,-7.047529315026683e-05,76,0.0019036731052894012,10355.880012999987
823296,7.415599737420337e-05,-7.415599737420337e-05,76,0.0020048713951460774,10379.552566499915
825344,7.223673877336515e-05,-7.223673877336515e-05,76,0.001954576509929172,10403.468414600007
827392,7.463642140530497e-05,-7.463642140530497e-05,76,0.0020169221297499716,10427.010742600076
829440,7.304999173423694e-05,-7.304999173423694e-05,76,0.00196688981342579,10450.596065500053
831488,7.109586316549059e-05,-7.109586316549059e-05,72,0.0019256868325229963,10475.008795300033
833536,7.047467025587335e-05,-7.047467025587335e-05,76,0.0018988619314108358,10498.999057299923
835584,7.398583105376304e-05,-7.398583105376304e-05,76,0.0020019303493845745,10523.274662600132
837632,7.271400867341174e-05,-7.271400867341174e-05,76,0.0019557985129922714,10547.387915200088
839680,7.46303820181676e-05,-7.46303820181676e-05,76,0.002001777515977618,10571.124944499927
841728,7.309800011640042e-05,-7.309800011640042e-05,76,0.0019850955815617043,10595.056573800044
843776,7.386243727780052e-05,-7.386243727780052e-05,76,0.002004376144438519,10619.482641699957
845824,7.06094911906595e-05,-7.06094911906595e-05,76,0.0018961639941481962,10643.288051299984
847872,6.767388957107674e-05,-6.767388957107674e-05,76,0.0018401432430810145,10667.587294799974
849920,7.674537703136652e-05,-7.674537703136652e-05,76,0.002056912416748645,10691.387366000097
851968,6.877485782644782e-05,-6.877485782644782e-05,76,0.0018632010554499056,10715.505374199944
854016,7.47257752005231e-05,-7.47257752005231e-05,76,0.0020156062614139422,10739.605639300076
856064,7.152816734629989e-05,-7.152816734629989e-05,76,0.001942105699946588,10763.566379700089
858112,7.161100887070204e-05,-7.161100887070204e-05,76,0.0019297873799483762,10788.080759000033
860160,7.32083194219271e-05,-7.32083194219271e-05,76,0.0019620414194639686,10811.680018600076
862208,7.386038896385357e-05,-7.386038896385357e-05,76,0.002015703155918972,10834.745152200107
864256,7.274951356552804e-05,-7.274951356552804e-05,76,0.0019564224199802986,10858.746103900019
866304,7.651102123206296e-05,-7.651102123206296e-05,76,0.0020594720037456636,10882.209316800116
868352,7.26797600193045e-05,-7.26797600193045e-05,76,0.0019695466884279023,10905.676598299993
870400,7.418666440072764e-05,-7.418666440072764e-05,76,0.0019912280454233745,10929.621658599935
872448,7.176898417463046e-05,-7.176898417463046e-05,76,0.0019411717001302734,10954.106031399919
874496,6.940811284760849e-05,-6.940811284760849e-05,76,0.0018691588722906784,10978.425159000093
876544,7.020161078011724e-05,-7.020161078011724e-05,76,0.0018953757334259017,11002.53781270003
878592,7.310670975528387e-05,-7.310670975528387e-05,76,0.0019785361491724694,11026.36257080012
880640,7.465509801670712e-05,-7.465509801670712e-05,76,0.0020151684947956714,11050.513983499957
882688,7.208856030117733e-05,-7.208856030117733e-05,76,0.0019540516844075303,11074.588345400058
884736,7.197640565432468e-05,-7.197640565432468e-05,76,0.0019371141928929392,11098.239480700111
886784,7.525853876611785e-05,-7.525853876611785e-05,72,0.0020520388682636745,11122.540197199909
888832,7.576332611545093e-05,-7.576332611545093e-05,76,0.0020204853279243875,11146.097240000032
890880,6.574980395029674e-05,-6.574980395029674e-05,76,0.0017964233046237402,11169.934718600009
892928,7.495097276743887e-05,-7.495097276743887e-05,76,0.0019914854928501304,11194.673809299944
894976,7.429294241358822e-05,-7.429294241358822e-05,76,0.002026726960192935,11219.353023099946
897024,7.258544563988907e-05,-7.258544563988907e-05,76,0.001964331149657367,11244.10156129999
899072,7.387090171223915e-05,-7.387090171223915e-05,76,0.0019826338710745447,11267.546646600123
901120,7.336869424853092e-05,-7.336869424853092e-05,76,0.001985514600159164,11291.874639299931
903168,7.342814877975038e-05,-7.342814877975038e-05,76,0.001991494368015134,11316.162364300108
905216,7.259889938814977e-05,-7.259889938814977e-05,76,0.0019527359621430344,11339.707498900127
907264,7.202165747825142e-05,-7.202165747825142e-05,76,0.0019499904294893993,11363.557819900103
909312,7.534310321964278e-05,-7.534310321964278e-05,76,0.00203546789319794,11387.779958399944
911360,7.053559448509634e-05,-7.053559448509634e-05,76,0.0019010496860758636,11411.402809800114
913408,7.188035714310755e-05,-7.188035714310755e-05,76,0.0019457561974608115,11435.251054800116
915456,7.311525803902032e-05,-7.311525803902032e-05,76,0.001972992797482828,11459.184359200066
917504,7.36460857567983e-05,-7.36460857567983e-05,76,0.0019881156055146457,11483.93115389999
919552,7.498417891041036e-05,-7.498417891041036e-05,76,0.0020264740762383675,11508.674521000125
921600,7.171454782313008e-05,-7.171454782313008e-05,76,0.001935107713503437,11533.257136200089
923648,7.331398803870533e-05,-7.331398803870533e-05,76,0.0019738283110835512,11557.404852800071
925696,6.928932018534674e-05,-6.928932018534674e-05,76,0.0018679182055207281,11581.28300340008
927744,7.490708375334216e-05,-7.490708375334216e-05,76,0.0020145766430434784,11605.291608399944
929792,7.203606495559102e-05,-7.203606495559102e-05,76,0.0019438967588663448,11629.243665100075
931840,7.251778957269364e-05,-7.251778957269364e-05,76,0.0019719822809103373,11653.513424300123
933888,7.260518706395601e-05,-7.260518706395601e-05,76,0.0019595954085238707,11677.756191400113
935936,7.601606282411455e-05,-7.601606282411455e-05,76,0.0020551384293859797,11701.891869999934
937984,7.527906704782498e-05,-7.527906704782498e-05,76,0.002031535875671597,11725.867686900077
940032,7.526539260653057e-05,-7.526539260653057e-05,76,0.002027825160126226,11749.603020600043
942080,7.427211802999955e-05,-7.427211802999955e-05,72,0.0020030857894810855,11774.468584700022
944128,7.21690015192268e-05,-7.21690015192268e-05,76,0.001938914105096342,11800.930244100047
946176,7.107719417020773e-05,-7.107719417020773e-05,76,0.0019365822018602356,11825.713058100082
948224,7.191157307585059e-05,-7.191157307585059e-05,76,0.0019192707339138397,11850.545113099972
950272,7.49935042509513e-05,-7.49935042509513e-05,76,0.0020338373651593625,11874.879442299949
952320,7.275033188974405e-05,-7.275033188974405e-05,76,0.001989162797163152,11899.197719099931
954368,7.141053246698861e-05,-7.141053246698861e-05,76,0.0019038028926222496,11923.73105120007
956416,7.358751416942153e-05,-7.358751416942153e-05,76,0.0019950247892468694,11947.601255000103
958464,7.294572474404265e-05,-7.294572474404265e-05,76,0.001961545030259687,11972.272128399927
960512,7.161437025033444e-05,-7.161437025033444e-05,76,0.001945585117728212,11995.972253300017
962560,7.500386910239315e-05,-7.500386910239315e-05,76,0.0020283734738359553,12019.900889300043
964608,7.423294688344413e-05,-7.423294688344413e-05,76,0.001983743360157528,12043.909340200014
966656,7.376904919357497e-05,-7.376904919357497e-05,76,0.0020193129246118737,12067.563907700125
968704,7.338467680816245e-05,-7.338467680816245e-05,76,0.0019734498826045593,12091.25168560003
970752,7.124400529805106e-05,-7.124400529805106e-05,76,0.0019293976209231241,12115.320244800067
972800,7.186252253498219e-05,-7.186252253498219e-05,76,0.001940295652329687,12139.001047800062
974848,7.450380543086086e-05,-7.450380543086086e-05,76,0.002011963148510588,12163.132268399931
976896,7.436454749809725e-05,-7.436454749809725e-05,76,0.0020005529083714675,12186.412360100076
978944,7.151652245779744e-05,-7.151652245779744e-05,76,0.0019178152146234388,12210.29257749999
980992,7.425219610709208e-05,-7.425219610709208e-05,76,0.0020082316221582876,12236.703488599975
983040,7.264722138064215e-05,-7.264722138064215e-05,76,0.001959394579940213,12261.66249509994
985088,7.293904018295271e-05,-7.293904018295271e-05,76,0.0019744023831680243,12285.961904499913
987136,7.577923242952026e-05,-7.577923242952026e-05,76,0.002041617781588276,12310.803310899995
989184,7.272958223672852e-05,-7.272958223672852e-05,76,0.0019712601299001556,12334.963339300128
991232,7.43298026307222e-05,-7.43298026307222e-05,76,0.002010369033258543,12359.55244800006
993280,7.47134957450039e-05,-7.47134957450039e-05,76,0.002016935705140338,12383.802791499998
995328,6.951029751713219e-05,-6.951029751713219e-05,76,0.001872526436741147,12407.52306389995
997376,7.316249216453637e-05,-7.316249216453637e-05,72,0.001971755363658038,12432.464843000052
999424,7.552959319564057e-05,-7.552959319564057e-05,76,0.002048943633474024,12456.475072500063
1001472,7.4677190627225e-05,-7.4677190627225e-05,76,0.0020076824736664947,12480.94255269994
1003520,7.333940541834295e-05,-7.333940541834295e-05,76,0.001980194393620168,12505.179415100021
1005568,7.444054228117537e-05,-7.444054228117537e-05,76,0.0020142899037884805,12529.44492030004
1007616,7.146435735413571e-05,-7.146435735413571e-05,76,0.00195182929085618,12553.6857723
1009664,7.060084203638087e-05,-7.060084203638087e-05,76,0.0018924231536067212,12578.045435799984
1011712,7.49526201130497e-05,-7.49526201130497e-05,76,0.0020170813695738997,12601.966568199918
1013760,7.387571973496907e-05,-7.387571973496907e-05,76,0.0019715212289126306,12625.625606500078
1015808,7.281747433827455e-05,-7.281747433827455e-05,76,0.002006643014064188,12649.60720450012
1017856,7.509896677346234e-05,-7.509896677346234e-05,76,0.0020020848124416594,12673.323043500073
1019904,7.190533278939035e-05,-7.190533278939035e-05,76,0.001948070620989923,12697.68589819991
1021952,7.17112006448611e-05,-7.17112006448611e-05,76,0.0019464677451760952,12721.662907599937
1024000,7.147400349939872e-05,-7.147400349939872e-05,76,0.0019122930610845975,12745.91122810007
1026048,7.517739862710721e-05,-7.517739862710721e-05,76,0.002051034616162816,12770.83187419991
1028096,7.492123732680964e-05,-7.492123732680964e-05,76,0.0020108494291715606,12795.737206200138
1030144,7.398844433845059e-05,-7.398844433845059e-05,76,0.0019919552842494353,12820.011537499959
1032192,7.3105696989065e-05,-7.3105696989065e-05,76,0.0019738243673013468,12844.346346199978
1034240,7.232809930199504e-05,-7.232809930199504e-05,76,0.001951580072800224,12868.179132200079
1036288,7.576845981858934e-05,-7.576845981858934e-05,76,0.002044301679870622,12892.554789500078
1038336,7.340163295627093e-05,-7.340163295627093e-05,76,0.0019825386014577866,12916.608521100134
1040384,7.495347427631717e-05,-7.495347427631717e-05,76,0.0020267037814542766,12941.014191499911
1042432,6.8779857915998e-05,-6.8779857915998e-05,76,0.0018520704463917408,12965.744294800097
1044480,7.247387774064457e-05,-7.247387774064457e-05,76,0.0019594789729128377,12989.929124100134
1046528,7.526870885522021e-05,-7.526870885522021e-05,76,0.002037981537199865,13014.068210199941
1048576,7.351393075427445e-05,-7.351393075427445e-05,76,0.0019864211907583804,13038.677323699929
1050624,7.474957056792801e-05,-7.474957056792801e-05,76,0.002013326384234359,13062.95816010004
1052672,7.078352996475306e-05,-7.078352996475306e-05,72,0.0019276837985940892,13087.090652700048
1054720,7.255668180757827e-05,-7.255668180757827e-05,76,0.0019375663071085274,13111.307194400113
1056768,7.288612083151348e-05,-7.288612083151348e-05,76,0.001962885068761748,13135.335834099911
1058816,7.658511268208361e-05,-7.658511268208361e-05,76,0.0020650614630294342,13159.80104540009
1060864,7.557128060664529e-05,-7.557128060664529e-05,76,0.002044280453379147,13183.881772600114
1062912,7.098229709440814e-05,-7.098229709440814e-05,76,0.0019346368256886535,13208.415424800012
1064960,7.398851932609662e-05,-7.398851932609662e-05,76,0.0019990732870988253,13232.610122600105
1067008,7.475769742406994e-05,-7.475769742406994e-05,76,0.0020080907314691983,13256.655926400097
1069056,7.674334679360815e-05,-7.674334679360815e-05,76,0.0020702448279246457,13281.158492200077
1071104,6.936360658305891e-05,-6.936360658305891e-05,76,0.0018842521661622937,13305.916557000019
1073152,7.1851027921623e-05,-7.1851027921623e-05,76,0.001944227424186171,13329.616792600136
1075200,7.445745818581803e-05,-7.445745818581803e-05,76,0.0020011866947758404,13353.905645299936
1077248,7.285168052919257e-05,-7.285168052919257e-05,76,0.0019683385930631377,13378.029925199924
1079296,7.361106578575825e-05,-7.361106578575825e-05,76,0.001978596894946918,13402.017751300009
1081344,7.159524333783395e-05,-7.159524333783395e-05,76,0.0019423902020400839,13426.588608399965
1083392,7.689401670056381e-05,-7.689401670056381e-05,76,0.002079110601815586,13450.490505900001
1085440,7.422204544013035e-05,-7.422204544013035e-05,76,0.0020019463536262564,13475.365349699976
1087488,7.488621536638862e-05,-7.488621536638862e-05,76,0.0020112906427878162,13500.072608400136
1089536,7.371071787604517e-05,-7.371071787604517e-05,76,0.001988796975112323,13525.147340900032
1091584,7.119860993238271e-05,-7.119860993238271e-05,76,0.0019160715514393721,13550.926758500049
1093632,7.490328907685853e-05,-7.490328907685853e-05,76,0.0020166143546564074,13575.206801899942
1095680,7.390227842926395e-05,-7.390227842926395e-05,76,0.0020057987698607217,13600.807529600104
1097728,7.359584962860434e-05,-7.359584962860434e-05,76,0.0019899657941519345,13626.859742900124
1099776,7.342894053014249e-05,-7.342894053014249e-05,76,0.0019845573937155568,13652.619394500041
1101824,7.191326893055216e-05,-7.191326893055216e-05,76,0.0019413048103011927,13678.983574599959
1103872,7.571166667230504e-05,-7.571166667230504e-05,76,0.0020475420977681506,13705.786130700028
1105920,7.365593525963612e-05,-7.365593525963612e-05,76,0.0019837872423072492,13731.5094178
1107968,7.39893125274431e-05,-7.39893125274431e-05,72,0.0019896131723318453,13757.582963800058
1110016,7.428087355580659e-05,-7.428087355580659e-05,76,0.0020060646923265976,13783.165321100038
1112064,7.065921251186421e-05,-7.065921251186421e-05,76,0.001929220634284343,13809.6052143001
1114112,7.329470265338047e-05,-7.329470265338047e-05,76,0.0019551192194417763,13836.00973140006
1116160,7.659920773029064e-05,-7.659920773029064e-05,76,0.0020627997489198902,13861.737808400067
1118208,7.451929059072422e-05,-7.451929059072422e-05,76,0.0020211800779258286,13888.117957900045
1120256,7.248659033224883e-05,-7.248659033224883e-05,76,0.001969396967930248,13913.215287999948
1122304,7.254603613759023e-05,-7.254603613759023e-05,76,0.0019671405898108725,13937.576135799987
1124352,7.513818295570431e-05,-7.513818295570431e-05,76,0.0020096540188043266,13962.200488599949
1126400,7.1994295177382e-05,-7.1994295177382e-05,76,0.0019600184889215526,13986.412922499934
1128448,7.145341711656847e-05,-7.145341711656847e-05,76,0.0019321881337448163,14010.48779179994
1130496,7.452527514943143e-05,-7.452527514943143e-05,76,0.002003467458442701,14034.394872999983
1132544,7.742774511564272e-05,-7.742774511564272e-05,76,0.0020863552413455328,14059.428753700107
1134592,7.613168193485649e-05,-7.613168193485649e-05,76,0.0020666867265285494,14084.09804660012
1136640,7.21042222121235e-05,-7.21042222121235e-05,76,0.0019380114343886508,14107.869969299994
1138688,7.198555166417691e-05,-7.198555166417691e-05,76,0.0019556241271958845,14132.143129700096
1140736,7.459256352463197e-05,-7.459256352463197e-05,76,0.0020052909288975464,14156.530616899952
1142784,7.23997409893037e-05,-7.23997409893037e-05,76,0.0019515767202967953,14180.50248549995
1144832,7.568311188658e-05,-7.568311188658e-05,76,0.002027147176183857,14205.008591500111
1146880,7.244173916606984e-05,-7.244173916606984e-05,76,0.0019689046687682682,14229.04383180011
1148928,7.70092893225075e-05,-7.70092893225075e-05,76,0.0020710236204038576,14252.616642199922
1150976,7.228547532724996e-05,-7.228547532724996e-05,76,0.0019560560558705598,14276.649376000045
1153024,7.362445740240318e-05,-7.362445740240318e-05,76,0.0019827651168434746,14301.135371400043
1155072,7.51541249919716e-05,-7.51541249919716e-05,76,0.0020369992947178762,14326.55862840009
1157120,7.262282805387056e-05,-7.262282805387056e-05,76,0.0019596247147416566,14350.97186290007
1159168,7.546495075996955e-05,-7.546495075996955e-05,76,0.0020432172282487775,14375.019162199926
1161216,7.310137645820725e-05,-7.310137645820725e-05,76,0.001969560261594833,14399.253031400032
1163264,7.328596916482375e-05,-7.328596916482375e-05,72,0.0019930797646152115,14423.507637900067
1165312,7.396829936039229e-05,-7.396829936039229e-05,76,0.001979346012149909,14447.884658700088
1167360,7.541670853013736e-05,-7.541670853013736e-05,76,0.0020462658596818077,14471.966938300058
1169408,7.330729749310514e-05,-7.330729749310514e-05,76,0.0019991421480970726,14496.882216300117
1171456,7.453787624913196e-05,-7.453787624913196e-05,76,0.0019738232418689216,14523.08216260001
1173504,7.589794266701726e-05,-7.589794266701726e-05,76,0.0020811400129152518,14550.789748399984
1175552,7.396329366249923e-05,-7.396329366249923e-05,76,0.0019850432601924892,14576.197546800133
1177600,7.448317396826941e-05,-7.448317396826941e-05,76,0.0019859909538349624,14603.068423700053
1179648,7.283115568022138e-05,-7.283115568022138e-05,76,0.001983126189473051,14628.505785200046
1181696,7.12913878375747e-05,-7.12913878375747e-05,76,0.0019329424314145148,14653.841449500062
1183744,7.791833751321705e-05,-7.791833751321705e-05,76,0.002112725376352139,14678.829019699944
1185792,7.410602164025526e-05,-7.410602164025526e-05,76,0.0019889664483482405,14703.313169799978
1187840,7.045253839855798e-05,-7.045253839855798e-05,76,0.0019055459016985978,14729.192194800125
1189888,7.450280174761194e-05,-7.450280174761194e-05,76,0.0020031181043872995,14754.3909438001
1191936,7.386596258237749e-05,-7.386596258237749e-05,76,0.00200545196684399,14779.355340100126
1193984,7.224836533540528e-05,-7.224836533540528e-05,76,0.0019478871359900347,14804.742364600068
1196032,7.403655267077225e-05,-7.403655267077225e-05,76,0.0019924287694371872,14830.253611800028
1198080,7.542011591833776e-05,-7.542011591833776e-05,76,0.0020383439801080747,14856.149409099948
1200128,7.310191518229917e-05,-7.310191518229917e-05,76,0.001970819563991862,14881.031337300083
1202176,7.33625908352719e-05,-7.33625908352719e-05,76,0.001976499410120605,14906.71955509996
1204224,7.353660667686853e-05,-7.353660667686853e-05,76,0.001985240465288913,14932.330276800087
1206272,7.436836224448749e-05,-7.436836224448749e-05,76,0.001999815301510829,14957.976186600048
1208320,7.201218331599602e-05,-7.201218331599602e-05,76,0.0019526409999420017,14984.131737200078
1210368,7.333326373203104e-05,-7.333326373203104e-05,76,0.001982563869652561,15010.476485500112
1212416,7.40150692855019e-05,-7.40150692855019e-05,76,0.0020023554974901957,15035.79205820011
1214464,7.374967445966294e-05,-7.374967445966294e-05,76,0.0019946388873826547,15061.668961399933
1216512,7.503174591743861e-05,-7.503174591743861e-05,76,0.0020202283600578874,15086.888115199981
1218560,7.563347206949702e-05,-7.563347206949702e-05,72,0.002029456912330996,15112.206243700115
1220608,7.301701001296128e-05,-7.301701001296128e-05,76,0.0020107226283077235,15137.956076700008
1222656,7.439461183875688e-05,-7.439461183875688e-05,76,0.0019772866742438326,15163.181542699924
1224704,7.200443653220394e-05,-7.200443653220394e-05,76,0.0019641174874496883,15188.796627399977
1226752,7.528037537191545e-05,-7.528037537191545e-05,76,0.002028158715440022,15214.57612559991
1228800,7.47022106451025e-05,-7.47022106451025e-05,76,0.0020174480869456952,15239.798926100135
1230848,7.407826398271061e-05,-7.407826398271061e-05,76,0.0019842940305087966,15265.263354500057
1232896,7.490845550998934e-05,-7.490845550998934e-05,76,0.0020193839876800554,15290.28432360012
1234944,7.447597570003263e-05,-7.447597570003263e-05,76,0.002006769196126345,15315.028768999968
1236992,7.766891443295644e-05,-7.766891443295644e-05,76,0.002124690641808206,15340.292886500014
1239040,7.212355759766775e-05,-7.212355759766775e-05,76,0.0019567379573558253,15366.028935299953
1241088,7.242635225698568e-05,-7.242635225698568e-05,76,0.0019422734747675855,15391.724300300004
1243136,7.244061532690559e-05,-7.244061532690559e-05,76,0.0019678066033317304,15417.110260999994
1245184,7.463292422389422e-05,-7.463292422389422e-05,76,0.0020065623333643205,15442.814272999996
1247232,7.66720055398705e-05,-7.66720055398705e-05,76,0.0020702047309780537,15468.978938899934
1249280,7.228387090993876e-05,-7.228387090993876e-05,76,0.0019401017258667348,15494.602795300074
1251328,7.331392254737647e-05,-7.331392254737647e-05,76,0.0019751682406495934,15519.813044199953
1253376,7.58900245602185e-05,-7.58900245602185e-05,76,0.002054887675386754,15545.871264599962
1255424,7.202749622510031e-05,-7.202749622510031e-05,76,0.0019397927709675293,15571.875560099958
1257472,7.200582995899e-05,-7.200582995899e-05,76,0.0019371170364580255,15597.636807000032
1259520,7.187250353725129e-05,-7.187250353725129e-05,76,0.0019458300069006475,15623.169765400002
1261568,7.688394733074532e-05,-7.688394733074532e-05,76,0.0020743262784302602,15649.533843500074
1263616,7.406873572933752e-05,-7.406873572933752e-05,76,0.0020084760271885872,15675.965332899941
1265664,7.431980510872566e-05,-7.431980510872566e-05,76,0.0020021534176580596,15701.258337799925
1267712,7.564916560256205e-05,-7.564916560256205e-05,76,0.0020387251140815206,15726.359857799951
1269760,7.6234992286869e-05,-7.6234992286869e-05,76,0.0020651023255219216,15753.046359699918
1271808,7.395042342763088e-05,-7.395042342763088e-05,76,0.001993717753126395,15778.070058800047
1273856,7.110533418971948e-05,-7.110533418971948e-05,72,0.0019139877860578963,15803.478959100088
1275904,7.041051352130596e-05,-7.041051352130596e-05,76,0.001918267074005951,15829.002280300017
1277952,7.563594642820386e-05,-7.563594642820386e-05,76,0.0020346548006693072,15853.986206300091
1280000,7.714422069911043e-05,-7.714422069911043e-05,76,0.0020656656645657015,15879.17157440004
1282048,7.456298913209654e-05,-7.456298913209654e-05,76,0.0020105939999438167,15904.411804399919
1284096,7.591851027279251e-05,-7.591851027279251e-05,76,0.0020599979186528275,15930.017713200068
1286144,7.445201494657724e-05,-7.445201494657724e-05,76,0.002025455154578206,15954.89877129998
1288192,7.612019122745554e-05,-7.612019122745554e-05,76,0.002055921026616779,15980.345984500134
1290240,7.084567357272e-05,-7.084567357272e-05,76,0.0018940659390424915,16006.152871800121
1292288,7.270779904997669e-05,-7.270779904997669e-05,76,0.0019714629087713926,16031.454243300017
1294336,7.381528165054082e-05,-7.381528165054082e-05,76,0.002000830335179228,16057.392828900134
1296384,7.691937218673948e-05,-7.691937218673948e-05,76,0.0020828846013528123,16084.13326469995
1298432,7.488833314173809e-05,-7.488833314173809e-05,76,0.0020019688112802646,16111.016762600048
1300480,7.440337230673884e-05,-7.440337230673884e-05,76,0.002025832659885893,16137.899018700002
1302528,7.068006995263046e-05,-7.068006995263046e-05,76,0.0019017933338117121,16163.895369200036
1304576,7.456581737513147e-05,-7.456581737513147e-05,76,0.0020217773044854987,16190.1585870001
1306624,7.497596618392938e-05,-7.497596618392938e-05,76,0.0020183077083495253,16215.258953900076
1308672,7.292025491697522e-05,-7.292025491697522e-05,76,0.0019595437765638213,16240.84196040011
1310720,7.425099469188378e-05,-7.425099469188378e-05,76,0.002004506987792583,16269.153686000034
1312768,7.623304910688552e-05,-7.623304910688552e-05,76,0.002058299303206959,16294.305200099945
1314816,7.317741263788013e-05,-7.317741263788013e-05,76,0.0019665640693473643,16319.829911899986
1316864,7.312624503263912e-05,-7.312624503263912e-05,76,0.0019749535545822415,16345.295855799923
1318912,7.575112736833448e-05,-7.575112736833448e-05,76,0.002050732220552251,16371.731243100017
1320960,7.292782082225834e-05,-7.292782082225834e-05,76,0.001972158834948112,16397.558149199933
1323008,7.367144647570774e-05,-7.367144647570774e-05,76,0.0019865609663063757,16422.77856090013
1325056,7.451783393814862e-05,-7.451783393814862e-05,76,0.0020175577826091976,16448.353425200097
1327104,7.636342225823806e-05,-7.636342225823806e-05,76,0.0020574758182245866,16474.126633699983
1329152,7.260686835762069e-05,-7.260686835762069e-05,72,0.00196552249736467,16499.221108800033
1331200,7.283926721625766e-05,-7.283926721625766e-05,76,0.001974198028075902,16525.46348350006
1333248,7.195002815053015e-05,-7.195002815053015e-05,76,0.0019319407960860402,16550.857379199937
1335296,7.506651733046727e-05,-7.506651733046727e-05,76,0.002002105688137265,16576.910271800123
1337344,7.56450292539238e-05,-7.56450292539238e-05,76,0.002062711265426731,16601.807101800106
1339392,7.458967848635269e-05,-7.458967848635269e-05,76,0.002009095716981055,16627.082039100118
1341440,7.331792442892915e-05,-7.331792442892915e-05,76,0.0019837434542144387,16653.176110900007
1343488,7.440603013683094e-05,-7.440603013683094e-05,76,0.0020037627343053982,16678.20954339998
1345536,7.372618508485454e-05,-7.372618508485454e-05,76,0.0020050230092068604,16703.53233690001
1347584,7.428008273783965e-05,-7.428008273783965e-05,76,0.0020017773839752454,16729.66592529998
1349632,7.515615477729073e-05,-7.515615477729073e-05,76,0.002043259035490166,16755.761083899997
1351680,7.238841903976214e-05,-7.238841903976214e-05,76,0.001935315754977144,16781.897692699917
1353728,7.748507083793276e-05,-7.748507083793276e-05,76,0.0021070434121356636,16806.850922300015
1355776,7.251754725160498e-05,-7.251754725160498e-05,76,0.0019492396090161144,16832.04682980012
1357824,7.28451482945056e-05,-7.28451482945056e-05,76,0.0019699542626143776,16857.583615300013
1359872,7.656403205392578e-05,-7.656403205392578e-05,76,0.00206558982225716,16882.451841600006
1361920,7.23247250519589e-05,-7.23247250519589e-05,76,0.0019387048999290864,16907.99131860002
1363968,7.330627089900907e-05,-7.330627089900907e-05,76,0.0019877531578960297,16933.38773740013
1366016,7.46426592153575e-05,-7.46426592153575e-05,76,0.0020172158546926406,16959.197761900024
1368064,7.41578297329075e-05,-7.41578297329075e-05,76,0.001989801983884392,16985.119103099918
1370112,7.51494938182753e-05,-7.51494938182753e-05,76,0.0020310531091469234,17010.342133699916
1372160,7.583630794751974e-05,-7.583630794751974e-05,76,0.002042121263511508,17035.88007439999
1374208,7.251276335093942e-05,-7.251276335093942e-05,76,0.0019687749195690996,17061.04636109993
1376256,7.472174325376088e-05,-7.472174325376088e-05,76,0.0020177243885245847,17086.575704300078
1378304,7.460445602313399e-05,-7.460445602313399e-05,76,0.0020163095899501946,17112.434908200055
1380352,7.57036744569179e-05,-7.57036744569179e-05,76,0.0020479856579200136,17139.1847765001
1382400,7.613538191553608e-05,-7.613538191553608e-05,76,0.002051163153057845,17164.833577800076
1384448,7.573511356816826e-05,-7.573511356816826e-05,72,0.0020588076958438176,17191.86162890005
1386496,7.481458449154443e-05,-7.481458449154443e-05,76,0.002000444853443814,17218.338129299926
1388544,7.196151786011338e-05,-7.196151786011338e-05,76,0.0019484069331433733,17245.874081100104
1390592,7.178282953374047e-05,-7.178282953374047e-05,76,0.0019421250735573176,17272.76094050007
1392640,7.480748247645079e-05,-7.480748247645079e-05,76,0.002024643352878048,17301.00540750008
1394688,7.353758742025923e-05,-7.353758742025923e-05,76,0.001986751891751633,17328.954752499936
1396736,7.488569038533556e-05,-7.488569038533556e-05,76,0.002036132962084282,17357.399163000053
1398784,7.050864327085029e-05,-7.050864327085029e-05,76,0.001884313112818478,17385.314939999953
1400832,7.273721041171333e-05,-7.273721041171333e-05,76,0.0019749501686198196,17412.892482799944
1402880,7.836015636217253e-05,-7.836015636217253e-05,76,0.0021015126720699585,17439.90101410006
1404928,7.269760639235992e-05,-7.269760639235992e-05,76,0.0019527238149971453,17467.457020600094
1406976,7.608881458118985e-05,-7.608881458118985e-05,76,0.0020594724809116383,17494.725218900014
1409024,7.529579195299251e-05,-7.529579195299251e-05,76,0.00204780990198867,17521.808637799928
1411072,7.338745864147313e-05,-7.338745864147313e-05,76,0.001984537483274172,17547.097914099926
1413120,7.367004380738325e-05,-7.367004380738325e-05,76,0.001987087858979852,17572.30087939999
1415168,7.469686894046802e-05,-7.469686894046802e-05,76,0.0020133822777642424,17597.541096800007
1417216,7.481151045514414e-05,-7.481151045514414e-05,76,0.002019012520636709,17623.633419699967
1419264,7.343601656302063e-05,-7.343601656302063e-05,76,0.0019898137636497597,17649.590948400088
1421312,7.464415608412924e-05,-7.464415608412924e-05,76,0.0020071215776596503,17674.697393500013
1423360,7.375481532272051e-05,-7.375481532272051e-05,76,0.001984206385366349,17700.84092310001
1425408,7.512074919325564e-05,-7.512074919325564e-05,76,0.0020271483109812875,17726.19185140007
1427456,7.527848603908479e-05,-7.527848603908479e-05,76,0.002028330959595029,17752.088371800026
1429504,7.238542380114647e-05,-7.238542380114647e-05,76,0.0019606395744681013,17778.324315899983
1431552,7.233278658032665e-05,-7.233278658032665e-05,76,0.0019513528301857346,17803.978640099987
1433600,7.383817564099047e-05,-7.383817564099047e-05,76,0.0020036758683145066,17829.651264100103
1435648,7.482703696444605e-05,-7.482703696444605e-05,76,0.0020196229144655974,17856.526395600056
1437696,7.675548250908533e-05,-7.675548250908533e-05,76,0.0020670596969521206,17881.6991653
1439744,7.600581927240252e-05,-7.600581927240252e-05,72,0.0020644155505414688,17909.254228400066
1441792,7.303887736591878e-05,-7.303887736591878e-05,76,0.0019692691428611,17935.31136479997
1443840,7.627863077647161e-05,-7.627863077647161e-05,76,0.00204750859753912,17961.212082500104
1445888,7.259250057051532e-05,-7.259250057051532e-05,76,0.0019680770478368048,17986.194212700007
1447936,7.511908655824528e-05,-7.511908655824528e-05,76,0.002036387830201431,18011.396674900083
1449984,7.427188216951235e-05,-7.427188216951235e-05,76,0.002005373679333306,18037.04909519991
1452032,7.409641905310746e-05,-7.409641905310746e-05,76,0.0020135565055325487,18062.545855100034
1454080,7.310019189071461e-05,-7.310019189071461e-05,76,0.0019528862678687368,18087.534656600095
1456128,7.728179721598106e-05,-7.728179721598106e-05,76,0.0020834200781661583,18112.769523900002
1458176,7.579887796399013e-05,-7.579887796399013e-05,76,0.0020533935783201116,18138.838665599935
1460224,7.31967945749405e-05,-7.31967945749405e-05,76,0.0019719197580564847,18166.03901850013
1462272,7.382759982024436e-05,-7.382759982024436e-05,76,0.002007663474789019,18192.913963000057
1464320,7.434506475558725e-05,-7.434506475558725e-05,76,0.0019861605603990248,18218.848801400047
1466368,7.03623776141667e-05,-7.03623776141667e-05,76,0.0019147506659158333,18244.54263660009
1468416,7.606782936882786e-05,-7.606782936882786e-05,76,0.0020581840767866615,18269.988481200067
1470464,7.47452960747489e-05,-7.47452960747489e-05,76,0.0020097607421951866,18295.792877699947
1472512,7.497034846434891e-05,-7.497034846434891e-05,76,0.002023465816886875,18320.715776599944
1474560,7.319704138887903e-05,-7.319704138887903e-05,76,0.001971087033623283,18347.80840380001
1476608,7.476375786065278e-05,-7.476375786065278e-05,76,0.0020037858608498694,18377.01703090011
1478656,7.306241086909055e-05,-7.306241086909055e-05,76,0.0019740039578171396,18406.01338950009
1480704,7.246625926602123e-05,-7.246625926602123e-05,76,0.001963568554982609,18433.396054600133
1482752,7.467154099869668e-05,-7.467154099869668e-05,76,0.0020117109784488075,18460.45365640009
1484800,7.497240299197464e-05,-7.497240299197464e-05,76,0.0020221500597314875,18486.130261200015
1486848,7.56701181482402e-05,-7.56701181482402e-05,76,0.0020549492263275087,18511.418457800057
1488896,7.452289158021634e-05,-7.452289158021634e-05,76,0.0020200829545131893,18537.222706600092
1490944,7.794355750232825e-05,-7.794355750232825e-05,76,0.0021027520388305155,18566.04467969993
1492992,7.58804356804534e-05,-7.58804356804534e-05,76,0.002043206391447567,18597.479897100013
1495040,7.03317454884391e-05,-7.03317454884391e-05,72,0.0019104653585701227,18625.725136900088
1497088,7.546234851623272e-05,-7.546234851623272e-05,76,0.00202617704659083,18654.109687499935
1499136,7.40082197269816e-05,-7.40082197269816e-05,76,0.0019868046921872403,18681.708537300117
1501184,7.453107868651455e-05,-7.453107868651455e-05,76,0.002022981773901984,18708.856154100038
1503232,7.035959402343403e-05,-7.035959402343403e-05,76,0.0019150985013268419,18734.490212300094
1505280,7.412344253787705e-05,-7.412344253787705e-05,76,0.001985737906950769,18761.02122230013
1507328,7.535420383073107e-05,-7.535420383073107e-05,76,0.002034600803740121,18786.521714299917
1509376,7.502465306733321e-05,-7.502465306733321e-05,76,0.002024436181309077,18814.27660949994
1511424,7.378571107754208e-05,-7.378571107754208e-05,76,0.0019961739968721334,18840.246094400063
1513472,7.519106590755809e-05,-7.519106590755809e-05,76,0.0020434399686152294,18865.28281840007
1515520,7.422851283005069e-05,-7.422851283005069e-05,76,0.0019906978145314918,18891.20572520001
1517568,7.266707107752947e-05,-7.266707107752947e-05,76,0.0019525638384508019,18916.46405999991
1519616,7.793910577544323e-05,-7.793910577544323e-05,76,0.0021159804591452357,18943.365242599975
1521664,7.303859021237294e-05,-7.303859021237294e-05,76,0.001965462933417346,18970.028636800125
1523712,7.400015530808122e-05,-7.400015530808122e-05,76,0.0019837922211697347,18997.285336300032
1525760,7.610380895819806e-05,-7.610380895819806e-05,76,0.002067545656735139,19031.157882699976
1527808,7.54472933375109e-05,-7.54472933375109e-05,76,0.0020396565187043333,19058.493797200033
1529856,7.292852956786055e-05,-7.292852956786055e-05,76,0.001966582834851103,19086.63855620008
1531904,7.32360785974163e-05,-7.32360785974163e-05,76,0.00197632829721217,19113.590912099928
1533952,7.6254316660806e-05,-7.6254316660806e-05,76,0.002060165170331168,19139.413518999936
1536000,7.785958932869855e-05,-7.785958932869855e-05,76,0.0020961926801890134,19165.5297822
1538048,7.346686573888902e-05,-7.346686573888902e-05,76,0.00197990845646931,19190.154821800068
1540096,7.193359351236663e-05,-7.193359351236663e-05,76,0.0019471189615077637,19215.07919800002
1542144,7.33307882975008e-05,-7.33307882975008e-05,76,0.0019842523557356993,19239.93666850007
1544192,7.52403842439375e-05,-7.52403842439375e-05,76,0.002037134218728419,19264.30782280001
1546240,7.519732658589763e-05,-7.519732658589763e-05,76,0.002028217589927792,19289.395887400024
1548288,7.561261587489745e-05,-7.561261587489745e-05,76,0.0020371516580323713,19313.55685520009
1550336,7.337384099509009e-05,-7.337384099509009e-05,72,0.001978098444622274,19338.23082259996
1552384,7.490883279144574e-05,-7.490883279144574e-05,76,0.002025219092227053,19363.12191909994
1554432,7.395109129818735e-05,-7.395109129818735e-05,76,0.001997159716424946,19388.00036940002
1556480,7.693763258855792e-05,-7.693763258855792e-05,76,0.002043722674816412,19413.231885300018
1558528,7.777477287656997e-05,-7.777477287656997e-05,76,0.0021181459622220075,19437.798744299915
1560576,7.525869899109851e-05,-7.525869899109851e-05,76,0.002066546661501287,19461.767208199948
1562624,7.00752260009233e-05,-7.00752260009233e-05,76,0.0018556389838088466,19487.050407800125
1564672,7.133361838333623e-05,-7.133361838333623e-05,76,0.0019534664282952374,19511.49439519993
1566720,7.640522268619241e-05,-7.640522268619241e-05,76,0.0020618933200626556,19535.981206000084
1568768,7.286603223968056e-05,-7.286603223968056e-05,76,0.001972621662292071,19560.82514839992
1570816,7.827373333968213e-05,-7.827373333968213e-05,76,0.0020995058042613426,19585.677397700027
1572864,7.146443531825416e-05,-7.146443531825416e-05,76,0.0019268601542910828,19611.00433659996
1574912,7.23475168766838e-05,-7.23475168766838e-05,76,0.0019593934662195376,19635.28941299999
1576960,7.72080006053952e-05,-7.72080006053952e-05,76,0.0020913643986462172,19659.683959699934
1579008,7.736302974782002e-05,-7.736302974782002e-05,76,0.0020842796550417817,19685.04029039992
1581056,7.097588800095523e-05,-7.097588800095523e-05,76,0.0019173020141331225,19709.82946639997
1583104,7.426319627965395e-05,-7.426319627965395e-05,76,0.002000553729945746,19735.348704400007
1585152,7.534840961885912e-05,-7.534840961885912e-05,76,0.002029051978707562,19760.31373569998
1587200,7.462430703764173e-05,-7.462430703764173e-05,76,0.0020115129451760004,19785.336291400017
1589248,7.833610560290823e-05,-7.833610560290823e-05,76,0.0021200479243586117,19810.113421699964
1591296,7.37942135977234e-05,-7.37942135977234e-05,76,0.0019828837800988162,19834.766753500095
1593344,7.594053894663928e-05,-7.594053894663928e-05,76,0.002057345165455355,19858.63989780005
1595392,7.243902298492905e-05,-7.243902298492905e-05,76,0.001953369146272833,19882.832097999984
1597440,7.240927830894927e-05,-7.240927830894927e-05,76,0.0019628028332036016,19907.372317499947
1599488,7.355091329542552e-05,-7.355091329542552e-05,76,0.0019829123605776587,19931.87166579999
1601536,7.398553232232109e-05,-7.398553232232109e-05,76,0.002002408149820948,19957.05410320009
1603584,7.421691303318738e-05,-7.421691303318738e-05,76,0.001998746830353565,19982.27857779991
1605632,7.43687369463819e-05,-7.43687369463819e-05,72,0.002013626369671522,20007.463568600127
1607680,7.452890536657795e-05,-7.452890536657795e-05,76,0.0019869281736042215,20031.80359710008
1609728,7.567172109506802e-05,-7.567172109506802e-05,76,0.0020515262576449272,20056.69242889993
1611776,7.650823225932038e-05,-7.650823225932038e-05,76,0.002067370334626443,20081.803216000088
1613824,7.18124010751358e-05,-7.18124010751358e-05,76,0.0019450326919403691,20106.082963200053
1615872,7.442587833374873e-05,-7.442587833374873e-05,76,0.0020296068670187985,20131.387439500075
1617920,7.793289449479452e-05,-7.793289449479452e-05,76,0.0020801695064263204,20156.16295820009
1619968,7.560396217445689e-05,-7.560396217445689e-05,76,0.002042408071861539,20181.500369200017
1622016,7.592762799505856e-05,-7.592762799505856e-05,76,0.002058490719291449,20206.698545800056
1624064,7.402062060632363e-05,-7.402062060632363e-05,76,0.002010967237490661,20230.643660499947
1626112,7.067115749385714e-05,-7.067115749385714e-05,76,0.0018946764710593557,20254.866524300072
1628160,7.290767663071126e-05,-7.290767663071126e-05,76,0.001982942258509811,20279.316749399994
1630208,7.762503289997937e-05,-7.762503289997937e-05,76,0.0020841707995850767,20303.75162110012
1632256,7.620454213486934e-05,-7.620454213486934e-05,76,0.0020609664386299405,20329.003634300083
1634304,7.505199007909893e-05,-7.505199007909893e-05,76,0.002024403146403105,20353.98029360012
1636352,7.33467521379689e-05,-7.33467521379689e-05,76,0.001990772802718433,20378.467383800074
1638400,7.483546736832876e-05,-7.483546736832876e-05,76,0.0020134908935635896,20403.923835400026
1640448,7.972800013445699e-05,-7.972800013445699e-05,76,0.002134489820868593,20428.00717340014
1642496,7.514047129669036e-05,-7.514047129669036e-05,76,0.002034758155671877,20452.1640933
1644544,7.125320213307963e-05,-7.125320213307963e-05,76,0.0019245729246461759,20476.567426000023
1646592,7.595609209243221e-05,-7.595609209243221e-05,76,0.002046619512828315,20501.42011009995
1648640,7.368921224776287e-05,-7.368921224776287e-05,76,0.001989345946462096,20525.600579800084
1650688,6.832370005152081e-05,-6.832370005152081e-05,76,0.0018523632980540002,20550.174799700035
1652736,7.497116236183869e-05,-7.497116236183869e-05,76,0.002024006128858513,20574.48716000002
1654784,7.942045808914971e-05,-7.942045808914971e-05,76,0.002150670149966967,20599.42517370009
1656832,7.156290312243559e-05,-7.156290312243559e-05,76,0.001931084207278848,20623.26918620011
1658880,7.264894265784614e-05,-7.264894265784614e-05,76,0.0019562329694487756,20647.544229699997
1660928,7.790229708123537e-05,-7.790229708123537e-05,72,0.0021089512271018243,20672.143280399963
1662976,7.281593713371935e-05,-7.281593713371935e-05,76,0.0019721869078056765,20696.861431699945
1665024,7.558086431867798e-05,-7.558086431867798e-05,76,0.0020184958538867004,20721.2455945001
1667072,7.409876839840481e-05,-7.409876839840481e-05,76,0.0020185834023505197,20746.281029999955
1669120,7.485222957487514e-05,-7.485222957487514e-05,76,0.002014019194420024,20770.775920100044
1671168,7.592896597980478e-05,-7.592896597980478e-05,76,0.002057408949831083,20796.827345700003
1673216,7.493664735742723e-05,-7.493664735742723e-05,76,0.002021111097067142,20821.724436599994
1675264,7.391550035910698e-05,-7.391550035910698e-05,76,0.0019998279183008,20847.60999200004
1677312,7.753059545928252e-05,-7.753059545928252e-05,76,0.0020884172690626207,20873.253776000114
1679360,7.09187000325971e-05,-7.09187000325971e-05,76,0.0019146649479254263,20899.429552800022
1681408,7.38398635562161e-05,-7.38398635562161e-05,76,0.0019997347295586695,20925.529459400102
1683456,7.432264405764582e-05,-7.432264405764582e-05,76,0.0019958455387140083,20951.65493550012
1685504,7.599155997773197e-05,-7.599155997773197e-05,76,0.0020578230383793573,20977.559059499996
1687552,7.424897446407612e-05,-7.424897446407612e-05,76,0.00202386839699508,21003.542381100124
1689600,7.279172569495155e-05,-7.279172569495155e-05,76,0.0019546799770039486,21029.21669650008
1691648,7.157858773861197e-05,-7.157858773861197e-05,76,0.0019434620355375056,21054.537559000077
1693696,7.612311431067695e-05,-7.612311431067695e-05,76,0.0020356047862765954,21080.186420199927
1695744,7.634735573697702e-05,-7.634735573697702e-05,76,0.002061004096836533,21105.156588500133
1697792,7.647416478866703e-05,-7.647416478866703e-05,76,0.002058088490835284,21129.4396402
1699840,7.542840591463648e-05,-7.542840591463648e-05,76,0.0020398773171137084,21154.33137160004
1701888,7.559217940700819e-05,-7.559217940700819e-05,76,0.002036582965711231,21180.095461799996
1703936,7.618462958019101e-05,-7.618462958019101e-05,76,0.0020624357814664125,21204.515207000077
1705984,7.363072048935474e-05,-7.363072048935474e-05,76,0.0019929484730728587,21228.97392909997
1708032,7.593361113125901e-05,-7.593361113125901e-05,76,0.0020503199265473095,21253.593985100044
1710080,7.571057844912796e-05,-7.571057844912796e-05,76,0.0020427206182183967,21277.74861810007
1712128,7.016858537379239e-05,-7.016858537379239e-05,76,0.001897622789809552,21302.3459516
1714176,7.357979212589723e-05,-7.357979212589723e-05,76,0.0019821129256970818,21327.194072500104
1716224,7.742899530000404e-05,-7.742899530000404e-05,72,0.0020894414986193303,21351.489452300128
1718272,7.62049034835882e-05,-7.62049034835882e-05,76,0.0020805606571479025,21376.120524599915
1720320,7.429128516336087e-05,-7.429128516336087e-05,76,0.001981039998168953,21400.30052509997
1722368,7.300364744268844e-05,-7.300364744268844e-05,76,0.001981742103781544,21424.293684100034
1724416,7.283373445378686e-05,-7.283373445378686e-05,76,0.001984404360948264,21448.624366800068
1726464,7.608539157949825e-05,-7.608539157949825e-05,76,0.0020531814901293723,21472.813200199977
1728512,7.346418073762156e-05,-7.346418073762156e-05,76,0.0019689304702869767,21497.3153723001
1730560,7.445737519412735e-05,-7.445737519412735e-05,76,0.002014406825196249,21523.33646079991
1732608,7.542049713937091e-05,-7.542049713937091e-05,76,0.0020179357957694857,21548.147051299922
1734656,7.411022817721281e-05,-7.411022817721281e-05,76,0.0020182270758079992,21572.353452800075
1736704,7.481952686069563e-05,-7.481952686069563e-05,76,0.0020146711272710574,21597.094532400137
1738752,7.205168948341783e-05,-7.205168948341783e-05,76,0.0019509145640999935,21621.31038239994
1740800,7.545216504584084e-05,-7.545216504584084e-05,76,0.0020375370806888986,21645.902211599983
1742848,7.400122048584478e-05,-7.400122048584478e-05,76,0.0019960315026588903,21670.005206800066
1744896,7.68019874451772e-05,-7.68019874451772e-05,76,0.002072147948848545,21694.13275510003
1746944,7.542661844264949e-05,-7.542661844264949e-05,76,0.002038642872504671,21718.524628299987
1748992,7.241836197635222e-05,-7.241836197635222e-05,76,0.0019542536524972003,21743.22177179996
1751040,7.365300529490863e-05,-7.365300529490863e-05,76,0.001985287828599845,21768.464381899917
1753088,7.727411110215396e-05,-7.727411110215396e-05,76,0.002086660972665939,21793.61483899993
1755136,7.306043635479513e-05,-7.306043635479513e-05,76,0.0019586868205421133,21817.685676400084
1757184,7.66869453986767e-05,-7.66869453986767e-05,76,0.002071933195798231,21842.0448243001
1759232,7.565208166418967e-05,-7.565208166418967e-05,76,0.002041199837084536,21867.06036130013
1761280,7.45791576896235e-05,-7.45791576896235e-05,76,0.002018031667593005,21891.663169000065
1763328,7.468564287007542e-05,-7.468564287007542e-05,76,0.0020216091690865843,21916.434980300022
1765376,7.568928351082435e-05,-7.568928351082435e-05,76,0.002042503901419008,21941.152480900055
1767424,7.150081884833975e-05,-7.150081884833975e-05,76,0.0019378755979862162,21965.379126700107
1769472,7.623357757727861e-05,-7.623357757727861e-05,76,0.002052685052395823,21989.97112910007
1771520,7.624368551800908e-05,-7.624368551800908e-05,72,0.0020583119414902054,22014.274589499924
1773568,7.383942073380898e-05,-7.383942073380898e-05,76,0.002003726403450753,22038.56461120001
1775616,7.593834925411161e-05,-7.593834925411161e-05,76,0.002046456835125264,22063.498697099974
1777664,7.348325301170646e-05,-7.348325301170646e-05,76,0.0019841182735090383,22088.545726299984
1779712,7.519081617635528e-05,-7.519081617635528e-05,76,0.0020262187552972854,22114.00390180014
1781760,7.67998828087251e-05,-7.67998828087251e-05,76,0.002088295326435954,22138.653976900037
1783808,7.279692461076463e-05,-7.279692461076463e-05,76,0.001965009704144044,22162.681848699925
1785856,7.228359995026273e-05,-7.228359995026273e-05,76,0.0019340802869446388,22186.88058690005
1787904,7.556628140026233e-05,-7.556628140026233e-05,76,0.002032508752678601,22211.41094020009
1789952,7.43845309870664e-05,-7.43845309870664e-05,76,0.0020111415758392857,22236.010340699926
1792000,7.54271662522603e-05,-7.54271662522603e-05,76,0.0020502667873360716,22260.69989509997
1794048,7.51368922828774e-05,-7.51368922828774e-05,76,0.0020384742815627,22286.22484209994
1796096,7.548835864305246e-05,-7.548835864305246e-05,76,0.0020263412746212143,22311.392067499924
1798144,7.462767056691398e-05,-7.462767056691398e-05,76,0.0020324871055689767,22335.91261070012
1800192,7.509061817701775e-05,-7.509061817701775e-05,76,0.002011829699707226,22359.932762800017
1802240,7.591913891492765e-05,-7.591913891492765e-05,76,0.0020466400044100684,22385.340591100045
1804288,7.281130057479866e-05,-7.281130057479866e-05,76,0.00196929770234402,22411.907596200006
1806336,7.260510186831757e-05,-7.260510186831757e-05,76,0.001957395974373354,22438.02163679991
1808384,7.599545636751297e-05,-7.599545636751297e-05,76,0.002048838786579979,22462.957719200058
1810432,7.780291459940138e-05,-7.780291459940138e-05,76,0.0020959484831576873,22487.74480490014
1812480,7.366410916790836e-05,-7.366410916790836e-05,76,0.0019860819236806855,22512.65218630014
1814528,7.4179242555976e-05,-7.4179242555976e-05,76,0.002007591048983545,22537.27010970004
1816576,7.702863826859429e-05,-7.702863826859429e-05,76,0.0020793347077273077,22561.236857800046
1818624,7.296281328620442e-05,-7.296281328620442e-05,76,0.0019717635671439165,22586.098095400026
1820672,7.396640146091914e-05,-7.396640146091914e-05,76,0.0020038596871524168,22610.752673899988
1822720,7.727829347730015e-05,-7.727829347730015e-05,76,0.0020860920379163973,22635.665306299925
1824768,7.708048190599716e-05,-7.708048190599716e-05,76,0.0020766827289177307,22661.335850700038
1826816,7.303066420998741e-05,-7.303066420998741e-05,72,0.0019678930743038184,22685.846098799957
1828864,7.72752560803007e-05,-7.72752560803007e-05,76,0.002080600054430791,22711.207477800082
1830912,7.307854159874416e-05,-7.307854159874416e-05,76,0.0019737427837582654,22736.03593969997
1832960,7.356594815187512e-05,-7.356594815187512e-05,76,0.0019864993943073035,22760.45528240013
1835008,7.409643878647984e-05,-7.409643878647984e-05,76,0.0020308515382498307,22786.000004600035
1837056,7.698312485915796e-05,-7.698312485915796e-05,76,0.0020544576806743966,22811.83116380009
1839104,7.472407645725028e-05,-7.472407645725028e-05,76,0.002009941668765215,22836.839859599946
1841152,7.525139705341425e-05,-7.525139705341425e-05,76,0.002050628465324535,22861.40589860012
1843200,7.26187215168281e-05,-7.26187215168281e-05,76,0.0019417583496477485,22886.247785400134
1845248,7.536804896025236e-05,-7.536804896025236e-05,76,0.002050917698344672,22911.694212600123
1847296,7.37903778778486e-05,-7.37903778778486e-05,76,0.0019977971856843667,22936.578010899946
1849344,7.551932318292578e-05,-7.551932318292578e-05,76,0.0020330308050259182,22961.057586099952
1851392,7.320663811652103e-05,-7.320663811652103e-05,76,0.0019683810853394932,22986.213460300118
1853440,7.467495230128237e-05,-7.467495230128237e-05,76,0.0020320659860883434,23010.797779300017
1855488,7.639360677175759e-05,-7.639360677175759e-05,76,0.002056651447736816,23035.339038199978
1857536,7.590140663863351e-05,-7.590140663863351e-05,76,0.002047145197772557,23060.026425699936
1859584,7.3726353600604e-05,-7.3726353600604e-05,76,0.0019916519659743683,23084.968637200072
1861632,7.67171409136985e-05,-7.67171409136985e-05,76,0.0020665539787428286,23110.395067200065
1863680,7.211714517588408e-05,-7.211714517588408e-05,76,0.0019403269260800649,23135.242775399936
1865728,7.664835673030471e-05,-7.664835673030471e-05,76,0.0020657445222453954,23159.588098499924
1867776,7.089856678711947e-05,-7.089856678711947e-05,76,0.0019120535926768344,23185.38380530011
1869824,7.571125262483722e-05,-7.571125262483722e-05,76,0.002044264716863399,23210.91485089995
1871872,7.797838768876514e-05,-7.797838768876514e-05,76,0.0021104042086503654,23236.152573399944
1873920,7.453573708647423e-05,-7.453573708647423e-05,76,0.00201790105609735,23261.08143240004
1875968,7.5933046007704e-05,-7.5933046007704e-05,76,0.0020541948368398054,23286.303295100108
1878016,7.715445471038008e-05,-7.715445471038008e-05,76,0.002082707182242405,23311.258568299934
1880064,7.579263214589307e-05,-7.579263214589307e-05,76,0.0020416235583533573,23336.09702669992
1882112,7.388821596983717e-05,-7.388821596983717e-05,72,0.0019980912959234915,23360.79145219992
1884160,7.141917834056096e-05,-7.141917834056096e-05,76,0.0019196410544951351,23385.808252300136
1886208,7.451281312468889e-05,-7.451281312468889e-05,76,0.0020032950116392455,23410.842834100127
1888256,7.308270704889636e-05,-7.308270704889636e-05,76,0.002004622597242497,23437.557086300105
1890304,7.587877108070708e-05,-7.587877108070708e-05,76,0.0020365584983954546,23462.011977599934
1892352,7.446301403647829e-05,-7.446301403647829e-05,76,0.0020217923862061913,23487.312015899923
1894400,7.738734251921683e-05,-7.738734251921683e-05,76,0.0020736401124178123,23512.540479100076
1896448,7.435350582984532e-05,-7.435350582984532e-05,76,0.001996833072744222,23537.360019300133
1898496,7.540856087112735e-05,-7.540856087112735e-05,76,0.0020445325111274953,23562.43414789997
1900544,7.750935135893359e-05,-7.750935135893359e-05,76,0.0021103483617552743,23587.434872200014
1902592,7.860212473549894e-05,-7.860212473549894e-05,76,0.0021097230788120983,23612.875684200088
1904640,7.195454297592321e-05,-7.195454297592321e-05,76,0.0019376183003357225,23638.11455149995
1906688,7.378095879018756e-05,-7.378095879018756e-05,76,0.0019986301390032936,23662.991299200105
1908736,7.365132442220141e-05,-7.365132442220141e-05,76,0.0019822882697483764,23688.063492600108
1910784,7.675240026844716e-05,-7.675240026844716e-05,76,0.002078803905857535,23713.37384269992
1912832,7.471914073952404e-05,-7.471914073952404e-05,76,0.0020319038432553248,23738.867213600082
1914880,7.437390915517332e-05,-7.437390915517332e-05,76,0.001990965524685749,23763.448012599954
1916928,8.087137645940246e-05,-8.087137645940246e-05,76,0.0021658574761338214,23788.49071620009
1918976,7.347425654194504e-05,-7.347425654194504e-05,76,0.0019934981122535144,23813.37472199998
1921024,6.993517085050182e-05,-6.993517085050182e-05,76,0.001883391092313777,23838.130023099948
1923072,7.971324893905985e-05,-7.971324893905985e-05,76,0.002156122239745217,23862.9781657001
1925120,7.401137023317376e-05,-7.401137023317376e-05,76,0.0019985795585593705,23888.44486290007
1927168,7.691951244675559e-05,-7.691951244675559e-05,76,0.0020848227045294097,23913.696115700062
1929216,7.257684683619297e-05,-7.257684683619297e-05,76,0.001959351015988059,23938.482517699944
1931264,7.233419465999715e-05,-7.233419465999715e-05,76,0.0019548174681112075,23963.17354200012
1933312,7.576903433934352e-05,-7.576903433934352e-05,76,0.00204578870876893,23988.03564570006
1935360,7.512511221347939e-05,-7.512511221347939e-05,76,0.0020238362655790503,24012.881531999912
1937408,7.353143220057367e-05,-7.353143220057367e-05,72,0.0019799993846784636,24038.565688499948
1939456,7.364803434522303e-05,-7.364803434522303e-05,76,0.0020027894138232483,24063.51454630005
1941504,7.443654989265205e-05,-7.443654989265205e-05,76,0.0019894520868601107,24088.893889900064
1943552,7.592120920736102e-05,-7.592120920736102e-05,76,0.0020665036210584646,24113.5145066001
1945600,7.79808567600821e-05,-7.79808567600821e-05,76,0.002087197462890479,24138.295589300105
1947648,7.29301569515271e-05,-7.29301569515271e-05,76,0.0020004518629278736,24163.048776099924
1949696,7.632086309203225e-05,-7.632086309203225e-05,76,0.002041522136525132,24187.43959760014
1951744,7.509934038892764e-05,-7.509934038892764e-05,76,0.0020221390636164663,24212.339732700028
1953792,7.380948041366925e-05,-7.380948041366925e-05,76,0.0019825633193244954,24237.310976899927
1955840,7.586083584908619e-05,-7.586083584908619e-05,76,0.0020757679634361204,24261.906168699963
1957888,7.566891834363423e-05,-7.566891834363423e-05,76,0.0020324456827840384,24287.670896300115
1959936,7.171697541517947e-05,-7.171697541517947e-05,76,0.0019462020820192017,24312.453763799975
1961984,7.498703225339626e-05,-7.498703225339626e-05,76,0.0020243970885369302,24337.185903500067
1964032,7.723964024502708e-05,-7.723964024502708e-05,76,0.0020743806290472407,24361.841345600085
1966080,7.453889470540416e-05,-7.453889470540416e-05,76,0.0020273869990065675,24387.486566599924
1968128,7.832734068298773e-05,-7.832734068298773e-05,76,0.002112436437256884,24414.298498300137
1970176,7.22247672432978e-05,-7.22247672432978e-05,76,0.0019437073512121028,24440.637146099936
1972224,7.844661367168584e-05,-7.844661367168584e-05,76,0.002108854397007058,24466.888034800068
1974272,7.599248906242114e-05,-7.599248906242114e-05,76,0.0020545257576485665,24493.814323599916
1976320,7.518643781782249e-05,-7.518643781782249e-05,76,0.002022231089797836,24520.769091299968
1978368,7.256660624585694e-05,-7.256660624585694e-05,76,0.0019616108624426394,24547.846736100037
1980416,7.487162169047565e-05,-7.487162169047565e-05,76,0.002019610033693295,24573.58727540006
1982464,7.47087921986893e-05,-7.47087921986893e-05,76,0.00201532173815388,24599.45539960009
1984512,7.396048170377794e-05,-7.396048170377794e-05,76,0.0020057011427827716,24626.546846000012
1986560,7.74092977457297e-05,-7.74092977457297e-05,76,0.002094512917608899,24654.012676400132
1988608,7.262467871939292e-05,-7.262467871939292e-05,76,0.0019603730782758186,24680.71852120012
1990656,7.79002644769283e-05,-7.79002644769283e-05,76,0.0020989543124261133,24707.07454860001
1992704,7.455494089288906e-05,-7.455494089288906e-05,72,0.002018705641265319,24731.883014400024
1994752,7.528202837115735e-05,-7.528202837115735e-05,76,0.0019975211680394807,24757.259852200048
1996800,7.171534947928868e-05,-7.171534947928868e-05,76,0.0019752119876613903,24781.82073040004
1998848,7.678781145377103e-05,-7.678781145377103e-05,76,0.0020733904704302464,24806.335386299994
2000896,7.456647589599473e-05,-7.456647589599473e-05,76,0.002003538953610249,24831.33578730002
2002944,7.708946100193947e-05,-7.708946100193947e-05,76,0.0020954308083034477,24855.79711090005
2004992,7.656189208861069e-05,-7.656189208861069e-05,76,0.0020366658173339883,24881.166467600036
2007040,7.354965040443563e-05,-7.354965040443563e-05,76,0.001986055638850435,24906.470760100055
2009088,7.683855233427424e-05,-7.683855233427424e-05,76,0.002092858709561915,24931.184926300077
2011136,7.655727523434388e-05,-7.655727523434388e-05,76,0.0020700471278915443,24956.599606400123
2013184,7.66948327311153e-05,-7.66948327311153e-05,76,0.002076901425762673,24981.057986000087
2015232,7.620162008669988e-05,-7.620162008669988e-05,76,0.0020347880915900242,25006.02558730007
2017280,7.077276739475392e-05,-7.077276739475392e-05,76,0.001928185692384898,25030.836991999997
2019328,7.304549279759002e-05,-7.304549279759002e-05,76,0.001979167925392516,25056.345082300017
2021376,7.452113806919453e-05,-7.452113806919453e-05,76,0.0020153280867156644,25081.48188480013
2023424,7.654756578746446e-05,-7.654756578746446e-05,76,0.002058155987643099,25107.602358600125
2025472,7.78402180390046e-05,-7.78402180390046e-05,76,0.002099158157497356,25136.977925300132
2027520,7.296309637289782e-05,-7.296309637289782e-05,76,0.0019583417793370894,25161.35907230014
2029568,7.427112972912194e-05,-7.427112972912194e-05,76,0.0020131863900575172,25185.081112999935
2031616,7.614116603382574e-05,-7.614116603382574e-05,76,0.0020539908848741773,25209.924388600048
2033664,7.579959737927717e-05,-7.579959737927717e-05,76,0.002049821726896505,25236.133899300126
2035712,7.387724075519131e-05,-7.387724075519131e-05,76,0.001984706519433882,25258.952788100112
2037760,7.474546107571167e-05,-7.474546107571167e-05,76,0.0020237832437954052,25281.933647100115
2039808,7.517971821764919e-05,-7.517971821764919e-05,76,0.002024133478529638,25305.125826700125
2041856,7.58956838876834e-05,-7.58956838876834e-05,76,0.0020619619870579516,25329.04553309991
2043904,7.453741187817564e-05,-7.453741187817564e-05,76,0.0020122225010025334,25355.10963680013
2045952,7.743834311183851e-05,-7.743834311183851e-05,76,0.0020854964800948476,25378.065023600124
