Time,Hour ahead forecast,Current demand,Net demand,Net demand forecast,Demand response
00:00,24546,24439,21541,20771,
00:05,24546,24696,21658,20093,
00:10,24546,24558,21744,20093,
00:15,24546,24595,21740,20093,
00:20,24439,24576,21706,20093,
00:25,24439,24433,21601,20093,
00:30,24439,24304,21481,20093,
00:35,24120,24206,21333,20093,
00:40,24120,24139,21208,20093,
00:45,24120,23958,21075,20093,
00:50,23796,23814,20931,20093,
00:55,23796,23742,20874,20093,
01:00,23796,23630,20792,20093,
01:05,23513,23529,20677,19376,
01:10,23513,23557,20763,19376,
01:15,23513,23464,20714,19376,
01:20,23214,23327,20599,19376,
01:25,23214,23240,20496,19376,
01:30,23214,23156,20469,19376,
01:35,22932,23066,20363,19376,
01:40,22932,22978,20307,19376,
01:45,22932,22922,20224,19376,
01:50,22684,22814,20122,19376,
01:55,22684,22775,20097,19376,
02:00,22684,22648,20039,19376,
02:05,22495,22600,20024,18821,
02:10,22495,22576,20037,18821,
02:15,22495,22508,20091,18821,
02:20,22292,22463,20078,18821,
02:25,22292,22369,20034,18821,
02:30,22292,22337,19985,18821,
02:35,22121,22248,19954,18821,
02:40,22121,22198,19876,18821,
02:45,22121,22150,19835,18821,
02:50,21978,22068,19787,18821,
02:55,21978,22016,19761,18821,
03:00,21978,21981,19732,18821,
03:05,21908,21981,19728,18637,
03:10,21908,21980,19733,18637,
03:15,21908,21922,19699,18637,
03:20,21812,21864,19626,18637,
03:25,21812,21863,19572,18637,
03:30,21812,21819,19533,18637,
03:35,21738,21818,19489,18637,
03:40,21738,21798,19456,18637,
03:45,21738,21777,19412,18637,
03:50,21732,21755,19391,18637,
03:55,21732,21730,19339,18637,
04:00,21732,21724,19273,18637,
04:05,21867,21780,19290,18932,
04:10,21867,21870,19305,18932,
04:15,21867,21880,19394,18932,
04:20,21984,21881,19440,18932,
04:25,21984,21903,19491,18932,
04:30,21984,21914,19564,18932,
04:35,22052,21979,19667,18932,
04:40,22052,22032,19743,18932,
04:45,22052,22075,19844,18932,
04:50,22117,22084,19938,18932,
04:55,22117,22120,19941,18932,
05:00,22117,22197,20066,18932,
05:05,22483,22490,20364,19859,
05:10,22483,22435,20372,19859,
05:15,22483,22677,20617,19859,
05:20,22796,22715,20722,19859,
05:25,22796,22814,20865,19859,
05:30,22796,22808,20892,19859,
05:35,22999,22940,20990,19859,
05:40,22999,23056,21118,19859,
05:45,22999,23052,21171,19859,
05:50,23054,23078,21073,19859,
05:55,23054,23085,20986,19859,
06:00,23054,23119,20859,19859,
06:05,23418,23314,20653,16502,
06:10,23418,23623,20612,16502,
06:15,23418,23708,20337,16502,
06:20,23644,23756,19867,16502,
06:25,23644,23792,19348,16502,
06:30,23644,23814,18725,16502,
06:35,23915,23905,18115,16502,
06:40,23915,24013,17575,16502,
06:45,23915,24083,16907,16502,
06:50,24090,24283,16427,16502,
06:55,24090,24259,15697,16502,
07:00,24090,24155,14821,16502,
07:05,24432,24150,13852,8693,
07:10,24432,24447,13432,8693,
07:15,24432,24772,12817,8693,
07:20,24486,24754,12013,8693,
07:25,24486,24751,11322,8693,
07:30,24486,24932,10619,8693,
07:35,24547,24823,10108,8693,
07:40,24547,24810,9739,8693,
07:45,24547,24772,9336,8693,
07:50,24160,24672,8856,8693,
07:55,24160,24688,8572,8693,
08:00,24160,24451,7939,8693,
08:05,24396,24748,7644,4048,
08:10,24396,24917,7525,4048,
08:15,24396,24762,7245,4048,
08:20,24422,24747,7119,4048,
08:25,24422,24717,6745,4048,
08:30,24422,24684,6596,4048,
08:35,24342,24561,6291,4048,
08:40,24342,24502,6121,4048,
08:45,24342,24398,5837,4048,
08:50,24242,24372,5595,4048,
08:55,24242,24222,5486,4048,
09:00,24242,24159,5274,4048,
09:05,24148,24102,5134,1493,
09:10,24148,24006,4982,1493,
09:15,24148,23933,4862,1493,
09:20,23824,23762,4597,1493,
09:25,23824,23598,4458,1493,
09:30,23824,23529,4192,1493,
09:35,23489,23377,3886,1493,
09:40,23489,23100,3596,1493,
09:45,23489,23013,3460,1493,
09:50,22974,22748,3203,1493,
09:55,22974,22464,3047,1493,
10:00,22974,22214,3102,1493,
10:05,22632,22115,2767,-329,
10:10,22632,22275,2770,-329,
10:15,22632,22201,2711,-329,
10:20,22113,21958,2485,-329,
10:25,22113,21859,2306,-329,
10:30,22113,21770,2131,-329,
10:35,21446,21558,1995,-329,
10:40,21446,21296,2243,-329,
10:45,21446,21273,2123,-329,
10:50,21176,21503,2024,-329,
10:55,21176,21318,1548,-329,
11:00,21176,21193,1024,-329,
11:05,20871,20975,720,-1381,
11:10,20871,20959,878,-1381,
11:15,20871,20754,748,-1381,
11:20,20670,20710,541,-1381,
11:25,20670,20753,223,-1381,
11:30,20670,20682,36,-1381,
11:35,20526,20746,16,-1381,
11:40,20526,20641,403,-1381,
11:45,20526,20789,738,-1381,
11:50,20217,20667,1128,-1381,
11:55,20217,20693,1393,-1381,
12:00,20217,20739,1305,-1381,
12:05,20327,20850,1412,-1420,
12:10,20327,20813,1572,-1420,
12:15,20327,20733,1548,-1420,
12:20,20370,20762,1685,-1420,
12:25,20370,20908,1481,-1420,
12:30,20370,20851,1456,-1420,
12:35,20523,20907,1525,-1420,
12:40,20523,20800,1661,-1420,
12:45,20523,20950,2070,-1420,
12:50,20831,20982,2431,-1420,
12:55,20831,21042,2711,-1420,
13:00,20831,21110,2890,-1420,
13:05,21023,21222,2344,-980,
13:10,21023,21178,2307,-980,
13:15,21023,21234,2575,-980,
13:20,21047,21505,3340,-980,
13:25,21047,21636,3457,-980,
13:30,21047,21628,2770,-980,
13:35,21384,21763,2792,-980,
13:40,21384,21956,2969,-980,
13:45,21384,21764,2842,-980,
13:50,21737,21825,2769,-980,
13:55,21737,21794,3140,-980,
14:00,21737,22005,3076,-980,
14:05,22196,21873,3417,154,
14:10,22196,22036,3725,154,
14:15,22196,21987,3761,154,
14:20,22379,22093,3383,154,
14:25,22379,22145,3726,154,
14:30,22379,22242,4096,154,
14:35,22401,22278,4319,154,
14:40,22401,22152,3952,154,
14:45,22401,22371,3814,154,
14:50,22662,22300,3753,154,
14:55,22662,22381,3980,154,
15:00,22662,22355,4259,154,
15:05,22817,22565,4273,2192,
15:10,22817,22671,4704,2192,
15:15,22817,22686,4875,2192,
15:20,22912,22951,4817,2192,
15:25,22912,22990,4620,2192,
15:30,22912,23194,4715,2192,
15:35,23037,23255,4851,2192,
15:40,23037,23298,4966,2192,
15:45,23037,23530,5163,2192,
15:50,23468,23586,5068,2192,
15:55,23468,23700,4680,2192,
16:00,23468,23579,4835,2192,
16:05,23873,23574,4803,4991,
16:10,23873,23467,4749,4991,
16:15,23873,23602,4924,4991,
16:20,24142,23733,5197,4991,
16:25,24142,23886,5540,4991,
16:30,24142,24008,5882,4991,
16:35,24502,24118,6074,4991,
16:40,24502,24295,6203,4991,
16:45,24502,24373,6294,4991,
16:50,24673,24502,6528,4991,
16:55,24673,24634,7013,4991,
17:00,24673,24697,7441,4991,
17:05,24871,24956,8135,9703,
17:10,24871,24976,8294,9703,
17:15,24871,24901,8411,9703,
17:20,25274,25223,8760,9703,
17:25,25274,25206,8949,9703,
17:30,25274,25357,9319,9703,
17:35,25719,25617,10007,9703,
17:40,25719,25759,10412,9703,
17:45,25719,25975,10606,9703,
17:50,26366,26186,11176,9703,
17:55,26366,26393,12087,9703,
18:00,26366,26536,12732,9703,
18:05,26407,26512,13186,17032,
18:10,26407,26517,13610,17032,
18:15,26407,26913,14321,17032,
18:20,26849,26946,14841,17032,
18:25,26849,27030,15344,17032,
18:30,26849,27111,15813,17032,
18:35,27369,27205,16401,17032,
18:40,27369,27360,17105,17032,
18:45,27369,27499,17873,17032,
18:50,27908,27522,18585,17032,
18:55,27908,27624,19084,17032,
19:00,27908,27888,19814,17032,
19:05,28008,27908,20543,22797,
19:10,28008,27911,21019,22797,
19:15,28008,27919,21347,22797,
19:20,28019,28045,21738,22797,
19:25,28019,28141,22258,22797,
19:30,28019,28209,22687,22797,
19:35,28136,28242,22989,22797,
19:40,28136,28301,23270,22797,
19:45,28136,28386,23404,22797,
19:50,28398,28390,23546,22797,
19:55,28398,28496,23635,22797,
20:00,28398,28505,23653,22797,
20:05,28550,28577,23748,24185,
20:10,28550,28656,23865,24185,
20:15,28550,28680,23889,24185,
20:20,28621,28714,23856,24185,
20:25,28621,28754,23835,24185,
20:30,28621,28735,23754,24185,
20:35,28628,28745,23762,24185,
20:40,28628,28714,23770,24185,
20:45,28628,28682,23767,24185,
20:50,28511,28593,23674,24185,
20:55,28511,28519,23482,24185,
21:00,28511,28449,23391,24185,
21:05,28556,28618,23397,23306,
21:10,28556,28668,23535,23306,
21:15,28556,28644,23453,23306,
21:20,28380,28522,23314,23306,
21:25,28380,28435,23102,23306,
21:30,28380,28312,22919,23306,
21:35,28033,28215,22805,23306,
21:40,28033,28107,22663,23306,
21:45,28033,28034,22581,23306,
21:50,27726,27890,22522,23306,
21:55,27726,27777,22383,23306,
22:00,27726,27560,22288,23306,
22:05,27255,27425,22101,21379,
22:10,27255,27363,22129,21379,
22:15,27255,27211,21980,21379,
22:20,26849,27044,21897,21379,
22:25,26849,26881,21694,21379,
22:30,26849,26691,21517,21379,
22:35,26451,26577,21328,21379,
22:40,26451,26367,21157,21379,
22:45,26451,26189,20937,21379,
22:50,25969,26078,20863,21379,
22:55,25969,25883,20726,21379,
23:00,25969,25644,20541,21379,
23:05,25496,25562,20371,19500,
23:10,25496,25463,20321,19500,
23:15,25496,25325,20195,19500,
23:20,25047,25181,20104,19500,
23:25,25047,25046,20006,19500,
23:30,25047,24918,19881,19500,
23:35,24670,24790,19728,19500,
23:40,24670,24684,19586,19500,
23:45,24670,24530,19432,19500,
23:50,24326,24405,19317,19500,
23:55,24326,24141,19065,19500,
00:00,24326,24076,19012,19500,
