timestamp_utc,price_usd_mwh
2025-04-30 07:00:00+00:00,33.38511
2025-04-30 08:00:00+00:00,33.5082
2025-04-30 09:00:00+00:00,33.17002
2025-04-30 10:00:00+00:00,33.29761
2025-04-30 11:00:00+00:00,36.32163
2025-04-30 12:00:00+00:00,39.3709
2025-04-30 13:00:00+00:00,42.00682
2025-04-30 14:00:00+00:00,32.64518
2025-04-30 15:00:00+00:00,22.0
2025-04-30 16:00:00+00:00,14.98
2025-04-30 17:00:00+00:00,7.15865
2025-04-30 18:00:00+00:00,7.28
2025-04-30 19:00:00+00:00,4.55276
2025-04-30 20:00:00+00:00,4.46633
2025-04-30 21:00:00+00:00,7.01606
2025-04-30 22:00:00+00:00,10.20199
2025-04-30 23:00:00+00:00,15.46941
2025-05-01 00:00:00+00:00,28.85
2025-05-01 01:00:00+00:00,41.45812
2025-05-01 02:00:00+00:00,46.19364
2025-05-01 03:00:00+00:00,44.90117
2025-05-01 04:00:00+00:00,41.5285
2025-05-01 05:00:00+00:00,39.22101
2025-05-01 06:00:00+00:00,36.08209
2025-05-01 07:00:00+00:00,34.63438
2025-05-01 08:00:00+00:00,30.69271
2025-05-01 09:00:00+00:00,30.1944
2025-05-01 10:00:00+00:00,30.50084
2025-05-01 11:00:00+00:00,30.64216
2025-05-01 12:00:00+00:00,36.21209
2025-05-01 13:00:00+00:00,38.17067
2025-05-01 14:00:00+00:00,29.41763
2025-05-01 15:00:00+00:00,15.29192
2025-05-01 16:00:00+00:00,10.89751
2025-05-01 17:00:00+00:00,8.1137
2025-05-01 18:00:00+00:00,7.10426
2025-05-01 19:00:00+00:00,6.65366
2025-05-01 20:00:00+00:00,7.04355
2025-05-01 21:00:00+00:00,7.57222
2025-05-01 22:00:00+00:00,8.48116
2025-05-01 23:00:00+00:00,12.44191
2025-05-02 00:00:00+00:00,23.63522
2025-05-02 01:00:00+00:00,39.63099
2025-05-02 02:00:00+00:00,43.00752
2025-05-02 03:00:00+00:00,43.0696
2025-05-02 04:00:00+00:00,39.88869
2025-05-02 05:00:00+00:00,36.62781
2025-05-02 06:00:00+00:00,34.87205
2025-05-02 07:00:00+00:00,34.0282
2025-05-02 08:00:00+00:00,32.82195
2025-05-02 09:00:00+00:00,30.1524
2025-05-02 10:00:00+00:00,29.72826
2025-05-02 11:00:00+00:00,29.23064
2025-05-02 12:00:00+00:00,34.99042
2025-05-02 13:00:00+00:00,37.41662
2025-05-02 14:00:00+00:00,25.25439
2025-05-02 15:00:00+00:00,11.78808
2025-05-02 16:00:00+00:00,6.45708
2025-05-02 17:00:00+00:00,0.80674
2025-05-02 18:00:00+00:00,-0.09292
2025-05-02 19:00:00+00:00,-1.93909
2025-05-02 20:00:00+00:00,-2.55574
2025-05-02 21:00:00+00:00,-1.43174
2025-05-02 22:00:00+00:00,0.2157
2025-05-02 23:00:00+00:00,0.96336
2025-05-03 00:00:00+00:00,10.12811
2025-05-03 01:00:00+00:00,34.47902
2025-05-03 02:00:00+00:00,37.38494
2025-05-03 03:00:00+00:00,38.67539
2025-05-03 04:00:00+00:00,36.32556
2025-05-03 05:00:00+00:00,33.73549
2025-05-03 06:00:00+00:00,31.97985
2025-05-03 07:00:00+00:00,29.88175
2025-05-03 08:00:00+00:00,30.42436
2025-05-03 09:00:00+00:00,30.2895
2025-05-03 10:00:00+00:00,29.14388
2025-05-03 11:00:00+00:00,30.35208
2025-05-03 12:00:00+00:00,32.63652
2025-05-03 13:00:00+00:00,31.0623
2025-05-03 14:00:00+00:00,25.59251
2025-05-03 15:00:00+00:00,16.5978
2025-05-03 16:00:00+00:00,11.96918
2025-05-03 17:00:00+00:00,4.54123
2025-05-03 18:00:00+00:00,-1.29805
2025-05-03 19:00:00+00:00,-3.52859
2025-05-03 20:00:00+00:00,-7.38966
2025-05-03 21:00:00+00:00,-7.42258
2025-05-03 22:00:00+00:00,-3.97725
2025-05-03 23:00:00+00:00,-0.34205
2025-05-04 00:00:00+00:00,9.7921
2025-05-04 01:00:00+00:00,31.68999
2025-05-04 02:00:00+00:00,37.85962
2025-05-04 03:00:00+00:00,40.19484
2025-05-04 04:00:00+00:00,37.02674
2025-05-04 05:00:00+00:00,35.50078
2025-05-04 06:00:00+00:00,32.30105
2025-05-04 07:00:00+00:00,29.46293
2025-05-04 08:00:00+00:00,29.72546
2025-05-04 09:00:00+00:00,29.13108
2025-05-04 10:00:00+00:00,29.15378
2025-05-04 11:00:00+00:00,28.64762
2025-05-04 12:00:00+00:00,30.4367
2025-05-04 13:00:00+00:00,27.15481
2025-05-04 14:00:00+00:00,15.73739
2025-05-04 15:00:00+00:00,6.93683
2025-05-04 16:00:00+00:00,-0.15859
2025-05-04 17:00:00+00:00,-6.71256
2025-05-04 18:00:00+00:00,-6.97359
2025-05-04 19:00:00+00:00,-6.93613
2025-05-04 20:00:00+00:00,-7.05657
2025-05-04 21:00:00+00:00,-7.03373
2025-05-04 22:00:00+00:00,-6.63482
2025-05-04 23:00:00+00:00,-1.00544
2025-05-05 00:00:00+00:00,12.09055
2025-05-05 01:00:00+00:00,30.37796
2025-05-05 02:00:00+00:00,38.71171
2025-05-05 03:00:00+00:00,41.45657
2025-05-05 04:00:00+00:00,36.54508
2025-05-05 05:00:00+00:00,34.42494
2025-05-05 06:00:00+00:00,34.07997
2025-05-05 07:00:00+00:00,31.52733
2025-05-05 08:00:00+00:00,30.30297
2025-05-05 09:00:00+00:00,30.14101
2025-05-05 10:00:00+00:00,29.68595
2025-05-05 11:00:00+00:00,28.76304
2025-05-05 12:00:00+00:00,36.5421
2025-05-05 13:00:00+00:00,38.11084
2025-05-05 14:00:00+00:00,36.0056
2025-05-05 15:00:00+00:00,26.52243
2025-05-05 16:00:00+00:00,18.36249
2025-05-05 17:00:00+00:00,13.79036
2025-05-05 18:00:00+00:00,13.12526
2025-05-05 19:00:00+00:00,11.64
2025-05-05 20:00:00+00:00,12.80493
2025-05-05 21:00:00+00:00,12.94085
2025-05-05 22:00:00+00:00,16.47512
2025-05-05 23:00:00+00:00,17.75793
2025-05-06 00:00:00+00:00,26.56191
2025-05-06 01:00:00+00:00,40.12978
2025-05-06 02:00:00+00:00,44.21747
2025-05-06 03:00:00+00:00,45.18727
2025-05-06 04:00:00+00:00,41.75221
2025-05-06 05:00:00+00:00,38.84775
2025-05-06 06:00:00+00:00,36.38
2025-05-06 07:00:00+00:00,38.26651
2025-05-06 08:00:00+00:00,35.5696
2025-05-06 09:00:00+00:00,35.74274
2025-05-06 10:00:00+00:00,35.3738
2025-05-06 11:00:00+00:00,36.18804
2025-05-06 12:00:00+00:00,43.06465
2025-05-06 13:00:00+00:00,42.39638
2025-05-06 14:00:00+00:00,36.21859
2025-05-06 15:00:00+00:00,20.46565
2025-05-06 16:00:00+00:00,13.52698
2025-05-06 17:00:00+00:00,9.14047
2025-05-06 18:00:00+00:00,8.66185
2025-05-06 19:00:00+00:00,8.11589
2025-05-06 20:00:00+00:00,7.90907
2025-05-06 21:00:00+00:00,9.58124
2025-05-06 22:00:00+00:00,10.61928
2025-05-06 23:00:00+00:00,12.18196
2025-05-07 00:00:00+00:00,20.97428
2025-05-07 01:00:00+00:00,37.63298
2025-05-07 02:00:00+00:00,44.56053
2025-05-07 03:00:00+00:00,45.59947
2025-05-07 04:00:00+00:00,40.58748
2025-05-07 05:00:00+00:00,37.97402
2025-05-07 06:00:00+00:00,36.355
2025-05-07 07:00:00+00:00,35.5725
2025-05-07 08:00:00+00:00,34.07
2025-05-07 09:00:00+00:00,33.66812
2025-05-07 10:00:00+00:00,34.35067
2025-05-07 11:00:00+00:00,35.64104
2025-05-07 12:00:00+00:00,39.8467
2025-05-07 13:00:00+00:00,42.74711
2025-05-07 14:00:00+00:00,36.85827
2025-05-07 15:00:00+00:00,23.0197
2025-05-07 16:00:00+00:00,16.75748
2025-05-07 17:00:00+00:00,9.16611
2025-05-07 18:00:00+00:00,8.13615
2025-05-07 19:00:00+00:00,6.8897
2025-05-07 20:00:00+00:00,7.13111
2025-05-07 21:00:00+00:00,8.20422
2025-05-07 22:00:00+00:00,9.75211
2025-05-07 23:00:00+00:00,10.44273
2025-05-08 00:00:00+00:00,20.85498
2025-05-08 01:00:00+00:00,39.83895
2025-05-08 02:00:00+00:00,47.42153
2025-05-08 03:00:00+00:00,48.69781
2025-05-08 04:00:00+00:00,41.46557
2025-05-08 05:00:00+00:00,37.97564
2025-05-08 06:00:00+00:00,36.56772
2025-05-08 07:00:00+00:00,40.16265
2025-05-08 08:00:00+00:00,38.87736
2025-05-08 09:00:00+00:00,38.58044
2025-05-08 10:00:00+00:00,38.27747
2025-05-08 11:00:00+00:00,38.77741
2025-05-08 12:00:00+00:00,46.02405
2025-05-08 13:00:00+00:00,48.15836
2025-05-08 14:00:00+00:00,33.4934
2025-05-08 15:00:00+00:00,25.10827
2025-05-08 16:00:00+00:00,20.0
2025-05-08 17:00:00+00:00,14.67926
2025-05-08 18:00:00+00:00,14.30503
2025-05-08 19:00:00+00:00,11.85231
2025-05-08 20:00:00+00:00,14.42018
2025-05-08 21:00:00+00:00,15.7
2025-05-08 22:00:00+00:00,18.40584
2025-05-08 23:00:00+00:00,21.94729
2025-05-09 00:00:00+00:00,35.02446
2025-05-09 01:00:00+00:00,50.1765
2025-05-09 02:00:00+00:00,61.78592
2025-05-09 03:00:00+00:00,59.5253
2025-05-09 04:00:00+00:00,50.05787
2025-05-09 05:00:00+00:00,46.24731
2025-05-09 06:00:00+00:00,41.45164
2025-05-09 07:00:00+00:00,53.23471
2025-05-09 08:00:00+00:00,48.81495
2025-05-09 09:00:00+00:00,45.5306
2025-05-09 10:00:00+00:00,44.39614
2025-05-09 11:00:00+00:00,47.62405
2025-05-09 12:00:00+00:00,51.2759
2025-05-09 13:00:00+00:00,50.35159
2025-05-09 14:00:00+00:00,34.0776
2025-05-09 15:00:00+00:00,25.34768
2025-05-09 16:00:00+00:00,24.21986
2025-05-09 17:00:00+00:00,20.60572
2025-05-09 18:00:00+00:00,19.48728
2025-05-09 19:00:00+00:00,18.79184
2025-05-09 20:00:00+00:00,22.06516
2025-05-09 21:00:00+00:00,23.56535
2025-05-09 22:00:00+00:00,26.54599
2025-05-09 23:00:00+00:00,36.25636
2025-05-10 00:00:00+00:00,48.97084
2025-05-10 01:00:00+00:00,63.69727
2025-05-10 02:00:00+00:00,77.5974
2025-05-10 03:00:00+00:00,67.36676
2025-05-10 04:00:00+00:00,61.50881
2025-05-10 05:00:00+00:00,55.99857
2025-05-10 06:00:00+00:00,54.15294
2025-05-10 07:00:00+00:00,46.64
2025-05-10 08:00:00+00:00,45.45982
2025-05-10 09:00:00+00:00,43.70867
2025-05-10 10:00:00+00:00,41.504
2025-05-10 11:00:00+00:00,43.22797
2025-05-10 12:00:00+00:00,45.09578
2025-05-10 13:00:00+00:00,44.78052
2025-05-10 14:00:00+00:00,24.61013
2025-05-10 15:00:00+00:00,20.29906
2025-05-10 16:00:00+00:00,19.8763
2025-05-10 17:00:00+00:00,18.0
2025-05-10 18:00:00+00:00,18.32272
2025-05-10 19:00:00+00:00,16.75492
2025-05-10 20:00:00+00:00,18.47835
2025-05-10 21:00:00+00:00,19.63464
2025-05-10 22:00:00+00:00,22.16097
2025-05-10 23:00:00+00:00,28.70026
2025-05-11 00:00:00+00:00,45.31317
2025-05-11 01:00:00+00:00,53.9875
2025-05-11 02:00:00+00:00,70.11142
2025-05-11 03:00:00+00:00,62.37422
2025-05-11 04:00:00+00:00,56.12335
2025-05-11 05:00:00+00:00,48.60435
2025-05-11 06:00:00+00:00,43.53483
2025-05-11 07:00:00+00:00,37.63483
2025-05-11 08:00:00+00:00,35.06634
2025-05-11 09:00:00+00:00,34.0327
2025-05-11 10:00:00+00:00,34.48874
2025-05-11 11:00:00+00:00,33.09554
2025-05-11 12:00:00+00:00,35.99947
2025-05-11 13:00:00+00:00,32.78326
2025-05-11 14:00:00+00:00,15.871
2025-05-11 15:00:00+00:00,6.44925
2025-05-11 16:00:00+00:00,6.194
2025-05-11 17:00:00+00:00,2.13637
2025-05-11 18:00:00+00:00,2.50145
2025-05-11 19:00:00+00:00,1.39487
2025-05-11 20:00:00+00:00,1.10108
2025-05-11 21:00:00+00:00,0.96813
2025-05-11 22:00:00+00:00,3.0
2025-05-11 23:00:00+00:00,3.97012
2025-05-12 00:00:00+00:00,18.21822
2025-05-12 01:00:00+00:00,35.90699
2025-05-12 02:00:00+00:00,49.72858
2025-05-12 03:00:00+00:00,51.37476
2025-05-12 04:00:00+00:00,46.93774
2025-05-12 05:00:00+00:00,39.89178
2025-05-12 06:00:00+00:00,38.3941
2025-05-12 07:00:00+00:00,39.51313
2025-05-12 08:00:00+00:00,37.31412
2025-05-12 09:00:00+00:00,34.75575
2025-05-12 10:00:00+00:00,34.08724
2025-05-12 11:00:00+00:00,36.35015
2025-05-12 12:00:00+00:00,40.09371
2025-05-12 13:00:00+00:00,42.52512
2025-05-12 14:00:00+00:00,30.26382
2025-05-12 15:00:00+00:00,22.64404
2025-05-12 16:00:00+00:00,21.36169
2025-05-12 17:00:00+00:00,16.41137
2025-05-12 18:00:00+00:00,16.29548
2025-05-12 19:00:00+00:00,14.1381
2025-05-12 20:00:00+00:00,12.92073
2025-05-12 21:00:00+00:00,14.96165
2025-05-12 22:00:00+00:00,15.54418
2025-05-12 23:00:00+00:00,16.52274
2025-05-13 00:00:00+00:00,25.81274
2025-05-13 01:00:00+00:00,40.0
2025-05-13 02:00:00+00:00,44.69164
2025-05-13 03:00:00+00:00,42.47457
2025-05-13 04:00:00+00:00,37.80378
2025-05-13 05:00:00+00:00,41.30012
2025-05-13 06:00:00+00:00,40.0
2025-05-13 07:00:00+00:00,29.82623
2025-05-13 08:00:00+00:00,29.62644
2025-05-13 09:00:00+00:00,31.92257
2025-05-13 10:00:00+00:00,30.59111
2025-05-13 11:00:00+00:00,33.4378
2025-05-13 12:00:00+00:00,36.46784
2025-05-13 13:00:00+00:00,38.79367
2025-05-13 14:00:00+00:00,30.61373
2025-05-13 15:00:00+00:00,22.43674
2025-05-13 16:00:00+00:00,20.0
2025-05-13 17:00:00+00:00,12.33247
2025-05-13 18:00:00+00:00,8.39681
2025-05-13 19:00:00+00:00,4.16947
2025-05-13 20:00:00+00:00,5.99056
2025-05-13 21:00:00+00:00,3.79017
2025-05-13 22:00:00+00:00,5.36734
2025-05-13 23:00:00+00:00,8.18504
2025-05-14 00:00:00+00:00,17.65113
2025-05-14 01:00:00+00:00,29.82517
2025-05-14 02:00:00+00:00,38.086
2025-05-14 03:00:00+00:00,40.0295
2025-05-14 04:00:00+00:00,36.29378
2025-05-14 05:00:00+00:00,32.45479
2025-05-14 06:00:00+00:00,31.41415
2025-05-14 07:00:00+00:00,29.41875
2025-05-14 08:00:00+00:00,28.6919
2025-05-14 09:00:00+00:00,26.54168
2025-05-14 10:00:00+00:00,24.96014
2025-05-14 11:00:00+00:00,26.17745
2025-05-14 12:00:00+00:00,30.98416
2025-05-14 13:00:00+00:00,33.02368
2025-05-14 14:00:00+00:00,16.82919
2025-05-14 15:00:00+00:00,11.11854
2025-05-14 16:00:00+00:00,7.08207
2025-05-14 17:00:00+00:00,0.03236
2025-05-14 18:00:00+00:00,-1.86974
2025-05-14 19:00:00+00:00,-4.83775
2025-05-14 20:00:00+00:00,-3.36306
2025-05-14 21:00:00+00:00,-3.6319
2025-05-14 22:00:00+00:00,-2.75123
2025-05-14 23:00:00+00:00,-0.07899
2025-05-15 00:00:00+00:00,9.25712
2025-05-15 01:00:00+00:00,22.81385
2025-05-15 02:00:00+00:00,38.45
2025-05-15 03:00:00+00:00,44.50062
2025-05-15 04:00:00+00:00,37.3344
2025-05-15 05:00:00+00:00,35.57717
2025-05-15 06:00:00+00:00,34.69793
2025-05-15 07:00:00+00:00,38.4837
2025-05-15 08:00:00+00:00,36.60934
2025-05-15 09:00:00+00:00,35.82548
2025-05-15 10:00:00+00:00,35.83686
2025-05-15 11:00:00+00:00,36.08706
2025-05-15 12:00:00+00:00,41.83812
2025-05-15 13:00:00+00:00,44.14624
2025-05-15 14:00:00+00:00,25.83389
2025-05-15 15:00:00+00:00,21.98337
2025-05-15 16:00:00+00:00,14.01616
2025-05-15 17:00:00+00:00,7.34037
2025-05-15 18:00:00+00:00,5.58463
2025-05-15 19:00:00+00:00,3.49
2025-05-15 20:00:00+00:00,5.74015
2025-05-15 21:00:00+00:00,5.84935
2025-05-15 22:00:00+00:00,6.56409
2025-05-15 23:00:00+00:00,10.07
2025-05-16 00:00:00+00:00,17.91182
2025-05-16 01:00:00+00:00,33.24097
2025-05-16 02:00:00+00:00,42.80752
2025-05-16 03:00:00+00:00,45.16601
2025-05-16 04:00:00+00:00,39.30973
2025-05-16 05:00:00+00:00,35.95589
2025-05-16 06:00:00+00:00,34.9206
2025-05-16 07:00:00+00:00,33.65592
2025-05-16 08:00:00+00:00,33.72416
2025-05-16 09:00:00+00:00,33.30838
2025-05-16 10:00:00+00:00,31.89825
2025-05-16 11:00:00+00:00,33.31534
2025-05-16 12:00:00+00:00,34.67449
2025-05-16 13:00:00+00:00,37.23306
2025-05-16 14:00:00+00:00,32.75555
2025-05-16 15:00:00+00:00,25.07724
2025-05-16 16:00:00+00:00,22.96566
2025-05-16 17:00:00+00:00,15.61864
2025-05-16 18:00:00+00:00,17.34648
2025-05-16 19:00:00+00:00,17.0768
2025-05-16 20:00:00+00:00,16.99075
2025-05-16 21:00:00+00:00,20.46599
2025-05-16 22:00:00+00:00,19.80513
2025-05-16 23:00:00+00:00,20.27717
2025-05-17 00:00:00+00:00,28.15734
2025-05-17 01:00:00+00:00,34.07976
2025-05-17 02:00:00+00:00,37.64883
2025-05-17 03:00:00+00:00,41.3358
2025-05-17 04:00:00+00:00,38.67134
2025-05-17 05:00:00+00:00,32.75328
2025-05-17 06:00:00+00:00,30.96986
2025-05-17 07:00:00+00:00,28.98836
2025-05-17 08:00:00+00:00,28.21414
2025-05-17 09:00:00+00:00,25.35004
2025-05-17 10:00:00+00:00,24.93086
2025-05-17 11:00:00+00:00,24.32799
2025-05-17 12:00:00+00:00,27.4787
2025-05-17 13:00:00+00:00,29.85583
2025-05-17 14:00:00+00:00,17.82643
2025-05-17 15:00:00+00:00,20.21277
2025-05-17 16:00:00+00:00,17.19748
2025-05-17 17:00:00+00:00,9.21028
2025-05-17 18:00:00+00:00,0.11797
2025-05-17 19:00:00+00:00,-1.96431
2025-05-17 20:00:00+00:00,-3.47679
2025-05-17 21:00:00+00:00,-5.94942
2025-05-17 22:00:00+00:00,-5.47151
2025-05-17 23:00:00+00:00,-1.8566
2025-05-18 00:00:00+00:00,6.92915
2025-05-18 01:00:00+00:00,20.00064
2025-05-18 02:00:00+00:00,26.387
2025-05-18 03:00:00+00:00,30.57968
2025-05-18 04:00:00+00:00,30.76476
2025-05-18 05:00:00+00:00,24.2264
2025-05-18 06:00:00+00:00,23.68268
2025-05-18 07:00:00+00:00,22.76023
2025-05-18 08:00:00+00:00,22.87677
2025-05-18 09:00:00+00:00,22.95233
2025-05-18 10:00:00+00:00,22.63256
2025-05-18 11:00:00+00:00,22.70156
2025-05-18 12:00:00+00:00,22.9
2025-05-18 13:00:00+00:00,15.0
2025-05-18 14:00:00+00:00,-0.92809
2025-05-18 15:00:00+00:00,-4.83408
2025-05-18 16:00:00+00:00,-12.49792
2025-05-18 17:00:00+00:00,-26.44596
2025-05-18 18:00:00+00:00,-26.47938
2025-05-18 19:00:00+00:00,-26.68222
2025-05-18 20:00:00+00:00,-26.90072
2025-05-18 21:00:00+00:00,-25.01997
2025-05-18 22:00:00+00:00,-26.64462
2025-05-18 23:00:00+00:00,-15.90699
2025-05-19 00:00:00+00:00,-7.97871
2025-05-19 01:00:00+00:00,10.5879
2025-05-19 02:00:00+00:00,26.10591
2025-05-19 03:00:00+00:00,28.92559
2025-05-19 04:00:00+00:00,28.96675
2025-05-19 05:00:00+00:00,24.62724
2025-05-19 06:00:00+00:00,25.22469
2025-05-19 07:00:00+00:00,25.12647
2025-05-19 08:00:00+00:00,23.55966
2025-05-19 09:00:00+00:00,23.17852
2025-05-19 10:00:00+00:00,23.23962
2025-05-19 11:00:00+00:00,24.52707
2025-05-19 12:00:00+00:00,28.37324
2025-05-19 13:00:00+00:00,28.31287
2025-05-19 14:00:00+00:00,12.1
2025-05-19 15:00:00+00:00,9.1666
2025-05-19 16:00:00+00:00,6.36207
2025-05-19 17:00:00+00:00,0.61809
2025-05-19 18:00:00+00:00,0.00522
2025-05-19 19:00:00+00:00,-0.59867
2025-05-19 20:00:00+00:00,-0.86565
2025-05-19 21:00:00+00:00,0.57518
2025-05-19 22:00:00+00:00,2.94529
2025-05-19 23:00:00+00:00,3.3
2025-05-20 00:00:00+00:00,6.43221
2025-05-20 01:00:00+00:00,27.86733
2025-05-20 02:00:00+00:00,32.37912
2025-05-20 03:00:00+00:00,33.85182
2025-05-20 04:00:00+00:00,32.47999
2025-05-20 05:00:00+00:00,32.81899
2025-05-20 06:00:00+00:00,32.16598
2025-05-20 07:00:00+00:00,27.78
2025-05-20 08:00:00+00:00,26.65464
2025-05-20 09:00:00+00:00,25.74001
2025-05-20 10:00:00+00:00,25.66685
2025-05-20 11:00:00+00:00,28.09397
2025-05-20 12:00:00+00:00,29.9229
2025-05-20 13:00:00+00:00,28.13462
2025-05-20 14:00:00+00:00,21.44
2025-05-20 15:00:00+00:00,14.60621
2025-05-20 16:00:00+00:00,8.84941
2025-05-20 17:00:00+00:00,1.91532
2025-05-20 18:00:00+00:00,1.63437
2025-05-20 19:00:00+00:00,1.19195
2025-05-20 20:00:00+00:00,4.12385
2025-05-20 21:00:00+00:00,4.34446
2025-05-20 22:00:00+00:00,8.80736
2025-05-20 23:00:00+00:00,12.93194
2025-05-21 00:00:00+00:00,23.1498
2025-05-21 01:00:00+00:00,35.48477
2025-05-21 02:00:00+00:00,47.6942
2025-05-21 03:00:00+00:00,47.82973
2025-05-21 04:00:00+00:00,43.62276
2025-05-21 05:00:00+00:00,34.36067
2025-05-21 06:00:00+00:00,33.01449
2025-05-21 07:00:00+00:00,42.72264
2025-05-21 08:00:00+00:00,40.26619
2025-05-21 09:00:00+00:00,38.6007
2025-05-21 10:00:00+00:00,38.10646
2025-05-21 11:00:00+00:00,40.82
2025-05-21 12:00:00+00:00,42.73657
2025-05-21 13:00:00+00:00,38.8177
2025-05-21 14:00:00+00:00,26.96947
2025-05-21 15:00:00+00:00,19.79398
2025-05-21 16:00:00+00:00,16.31143
2025-05-21 17:00:00+00:00,14.16904
2025-05-21 18:00:00+00:00,13.2465
2025-05-21 19:00:00+00:00,13.58656
2025-05-21 20:00:00+00:00,16.24555
2025-05-21 21:00:00+00:00,16.85273
2025-05-21 22:00:00+00:00,20.22296
2025-05-21 23:00:00+00:00,24.50119
2025-05-22 00:00:00+00:00,31.77887
2025-05-22 01:00:00+00:00,46.26827
2025-05-22 02:00:00+00:00,57.39681
2025-05-22 03:00:00+00:00,57.74256
2025-05-22 04:00:00+00:00,50.81816
2025-05-22 05:00:00+00:00,40.19656
2025-05-22 06:00:00+00:00,37.71846
2025-05-22 07:00:00+00:00,35.5499
2025-05-22 08:00:00+00:00,32.07855
2025-05-22 09:00:00+00:00,31.45273
2025-05-22 10:00:00+00:00,31.07088
2025-05-22 11:00:00+00:00,31.76099
2025-05-22 12:00:00+00:00,34.92332
2025-05-22 13:00:00+00:00,34.17728
2025-05-22 14:00:00+00:00,24.6728
2025-05-22 15:00:00+00:00,18.92473
2025-05-22 16:00:00+00:00,15.1692
2025-05-22 17:00:00+00:00,7.91328
2025-05-22 18:00:00+00:00,6.94738
2025-05-22 19:00:00+00:00,8.66767
2025-05-22 20:00:00+00:00,6.96758
2025-05-22 21:00:00+00:00,7.81971
2025-05-22 22:00:00+00:00,10.0
2025-05-22 23:00:00+00:00,15.71007
2025-05-23 00:00:00+00:00,25.64
2025-05-23 01:00:00+00:00,36.38437
2025-05-23 02:00:00+00:00,44.41543
2025-05-23 03:00:00+00:00,46.42983
2025-05-23 04:00:00+00:00,42.65939
2025-05-23 05:00:00+00:00,37.0159
2025-05-23 06:00:00+00:00,34.69774
2025-05-23 07:00:00+00:00,30.63393
2025-05-23 08:00:00+00:00,28.1229
2025-05-23 09:00:00+00:00,29.00987
2025-05-23 10:00:00+00:00,28.91694
2025-05-23 11:00:00+00:00,29.46714
2025-05-23 12:00:00+00:00,30.82091
2025-05-23 13:00:00+00:00,30.7562
2025-05-23 14:00:00+00:00,18.18522
2025-05-23 15:00:00+00:00,14.95741
2025-05-23 16:00:00+00:00,11.44771
2025-05-23 17:00:00+00:00,6.27387
2025-05-23 18:00:00+00:00,3.98533
2025-05-23 19:00:00+00:00,0.08382
2025-05-23 20:00:00+00:00,0.2774
2025-05-23 21:00:00+00:00,-0.09484
2025-05-23 22:00:00+00:00,4.27339
2025-05-23 23:00:00+00:00,9.22881
2025-05-24 00:00:00+00:00,15.719
2025-05-24 01:00:00+00:00,34.41638
2025-05-24 02:00:00+00:00,39.19631
2025-05-24 03:00:00+00:00,42.44177
2025-05-24 04:00:00+00:00,41.06842
2025-05-24 05:00:00+00:00,37.50083
2025-05-24 06:00:00+00:00,35.65201
2025-05-24 07:00:00+00:00,31.9837
2025-05-24 08:00:00+00:00,29.38786
2025-05-24 09:00:00+00:00,26.33657
2025-05-24 10:00:00+00:00,26.79253
2025-05-24 11:00:00+00:00,27.03038
2025-05-24 12:00:00+00:00,28.33774
2025-05-24 13:00:00+00:00,24.0336
2025-05-24 14:00:00+00:00,7.90526
2025-05-24 15:00:00+00:00,10.40145
2025-05-24 16:00:00+00:00,10.38508
2025-05-24 17:00:00+00:00,-0.24005
2025-05-24 18:00:00+00:00,-1.58716
2025-05-24 19:00:00+00:00,-3.15218
2025-05-24 20:00:00+00:00,-4.41423
2025-05-24 21:00:00+00:00,-1.64351
2025-05-24 22:00:00+00:00,1.26823
2025-05-24 23:00:00+00:00,7.31485
2025-05-25 00:00:00+00:00,4.70542
2025-05-25 01:00:00+00:00,24.96755
2025-05-25 02:00:00+00:00,30.82645
2025-05-25 03:00:00+00:00,31.79737
2025-05-25 04:00:00+00:00,30.80037
2025-05-25 05:00:00+00:00,28.96547
2025-05-25 06:00:00+00:00,28.64029
2025-05-25 07:00:00+00:00,33.21761
2025-05-25 08:00:00+00:00,32.28869
2025-05-25 09:00:00+00:00,28.98974
2025-05-25 10:00:00+00:00,28.20666
2025-05-25 11:00:00+00:00,28.11254
2025-05-25 12:00:00+00:00,28.82452
2025-05-25 13:00:00+00:00,19.77232
2025-05-25 14:00:00+00:00,5.82513
2025-05-25 15:00:00+00:00,6.9115
2025-05-25 16:00:00+00:00,4.71932
2025-05-25 17:00:00+00:00,-1.54207
2025-05-25 18:00:00+00:00,-1.39561
2025-05-25 19:00:00+00:00,-3.32818
2025-05-25 20:00:00+00:00,-3.21165
2025-05-25 21:00:00+00:00,-1.62616
2025-05-25 22:00:00+00:00,0.32751
2025-05-25 23:00:00+00:00,3.35474
2025-05-26 00:00:00+00:00,17.62577
2025-05-26 01:00:00+00:00,23.45309
2025-05-26 02:00:00+00:00,30.67264
2025-05-26 03:00:00+00:00,30.14179
2025-05-26 04:00:00+00:00,27.77906
2025-05-26 05:00:00+00:00,26.66099
2025-05-26 06:00:00+00:00,26.45935
2025-05-26 07:00:00+00:00,29.36009
2025-05-26 08:00:00+00:00,26.74651
2025-05-26 09:00:00+00:00,26.0
2025-05-26 10:00:00+00:00,25.05204
2025-05-26 11:00:00+00:00,25.34042
2025-05-26 12:00:00+00:00,24.43497
2025-05-26 13:00:00+00:00,18.56129
2025-05-26 14:00:00+00:00,10.58633
2025-05-26 15:00:00+00:00,15.0
2025-05-26 16:00:00+00:00,14.62231
2025-05-26 17:00:00+00:00,8.76191
2025-05-26 18:00:00+00:00,8.81809
2025-05-26 19:00:00+00:00,7.98353
2025-05-26 20:00:00+00:00,7.69757
2025-05-26 21:00:00+00:00,7.72
2025-05-26 22:00:00+00:00,9.4401
2025-05-26 23:00:00+00:00,15.23267
2025-05-27 00:00:00+00:00,16.00854
2025-05-27 01:00:00+00:00,28.09
2025-05-27 02:00:00+00:00,35.15338
2025-05-27 03:00:00+00:00,37.90396
2025-05-27 04:00:00+00:00,34.85406
2025-05-27 05:00:00+00:00,32.96
2025-05-27 06:00:00+00:00,31.50691
2025-05-27 07:00:00+00:00,35.32961
2025-05-27 08:00:00+00:00,35.02565
2025-05-27 09:00:00+00:00,33.52467
2025-05-27 10:00:00+00:00,33.0
2025-05-27 11:00:00+00:00,34.98832
2025-05-27 12:00:00+00:00,37.29708
2025-05-27 13:00:00+00:00,37.92643
2025-05-27 14:00:00+00:00,25.68854
2025-05-27 15:00:00+00:00,18.1559
2025-05-27 16:00:00+00:00,19.28272
2025-05-27 17:00:00+00:00,14.50756
2025-05-27 18:00:00+00:00,15.54497
2025-05-27 19:00:00+00:00,13.0
2025-05-27 20:00:00+00:00,17.54
2025-05-27 21:00:00+00:00,16.60061
2025-05-27 22:00:00+00:00,19.40844
2025-05-27 23:00:00+00:00,21.88756
2025-05-28 00:00:00+00:00,28.86287
2025-05-28 01:00:00+00:00,42.0809
2025-05-28 02:00:00+00:00,52.68222
2025-05-28 03:00:00+00:00,52.16634
2025-05-28 04:00:00+00:00,46.44413
2025-05-28 05:00:00+00:00,36.92682
2025-05-28 06:00:00+00:00,36.04919
2025-05-28 07:00:00+00:00,39.52476
2025-05-28 08:00:00+00:00,38.74585
2025-05-28 09:00:00+00:00,38.24267
2025-05-28 10:00:00+00:00,36.6854
2025-05-28 11:00:00+00:00,38.97377
2025-05-28 12:00:00+00:00,40.15682
2025-05-28 13:00:00+00:00,43.45927
2025-05-28 14:00:00+00:00,29.08201
2025-05-28 15:00:00+00:00,22.64
2025-05-28 16:00:00+00:00,22.64
2025-05-28 17:00:00+00:00,20.55739
2025-05-28 18:00:00+00:00,20.02406
2025-05-28 19:00:00+00:00,16.88
2025-05-28 20:00:00+00:00,18.58882
2025-05-28 21:00:00+00:00,18.12609
2025-05-28 22:00:00+00:00,21.73377
2025-05-28 23:00:00+00:00,26.34385
2025-05-29 00:00:00+00:00,32.99848
2025-05-29 01:00:00+00:00,42.51705
2025-05-29 02:00:00+00:00,48.81941
2025-05-29 03:00:00+00:00,49.30282
2025-05-29 04:00:00+00:00,42.95329
2025-05-29 05:00:00+00:00,35.07918
2025-05-29 06:00:00+00:00,34.86043
2025-05-29 07:00:00+00:00,33.27445
2025-05-29 08:00:00+00:00,33.36623
2025-05-29 09:00:00+00:00,32.14867
2025-05-29 10:00:00+00:00,32.03202
2025-05-29 11:00:00+00:00,33.63014
2025-05-29 12:00:00+00:00,36.23721
2025-05-29 13:00:00+00:00,36.25
2025-05-29 14:00:00+00:00,27.34
2025-05-29 15:00:00+00:00,21.87921
2025-05-29 16:00:00+00:00,21.60065
2025-05-29 17:00:00+00:00,18.86983
2025-05-29 18:00:00+00:00,18.16043
2025-05-29 19:00:00+00:00,17.25895
2025-05-29 20:00:00+00:00,18.60069
2025-05-29 21:00:00+00:00,19.27957
2025-05-29 22:00:00+00:00,25.59543
2025-05-29 23:00:00+00:00,27.33685
2025-05-30 00:00:00+00:00,35.81759
2025-05-30 01:00:00+00:00,46.53588
2025-05-30 02:00:00+00:00,55.94259
2025-05-30 03:00:00+00:00,57.3934
2025-05-30 04:00:00+00:00,51.0075
2025-05-30 05:00:00+00:00,44.77722
2025-05-30 06:00:00+00:00,43.34795
2025-05-30 07:00:00+00:00,44.55269
2025-05-30 08:00:00+00:00,41.42721
2025-05-30 09:00:00+00:00,41.5457
2025-05-30 10:00:00+00:00,43.47171
2025-05-30 11:00:00+00:00,45.82782
2025-05-30 12:00:00+00:00,49.9473
2025-05-30 13:00:00+00:00,41.92888
2025-05-30 14:00:00+00:00,30.44075
2025-05-30 15:00:00+00:00,25.99668
2025-05-30 16:00:00+00:00,26.37878
2025-05-30 17:00:00+00:00,25.02618
2025-05-30 18:00:00+00:00,23.55257
2025-05-30 19:00:00+00:00,26.1928
2025-05-30 20:00:00+00:00,26.87953
2025-05-30 21:00:00+00:00,27.69
2025-05-30 22:00:00+00:00,34.32491
2025-05-30 23:00:00+00:00,38.65953
2025-05-31 00:00:00+00:00,50.72307
2025-05-31 01:00:00+00:00,61.52652
2025-05-31 02:00:00+00:00,84.21341
2025-05-31 03:00:00+00:00,85.14468
2025-05-31 04:00:00+00:00,69.25086
2025-05-31 05:00:00+00:00,58.0358
2025-05-31 06:00:00+00:00,53.86754
2025-05-31 07:00:00+00:00,45.47057
2025-05-31 08:00:00+00:00,42.60444
2025-05-31 09:00:00+00:00,41.33303
2025-05-31 10:00:00+00:00,38.61314
2025-05-31 11:00:00+00:00,41.89259
2025-05-31 12:00:00+00:00,43.78549
2025-05-31 13:00:00+00:00,37.6722
2025-05-31 14:00:00+00:00,28.48106
2025-05-31 15:00:00+00:00,27.00091
2025-05-31 16:00:00+00:00,27.30972
2025-05-31 17:00:00+00:00,25.65473
2025-05-31 18:00:00+00:00,25.4234
2025-05-31 19:00:00+00:00,26.25384
2025-05-31 20:00:00+00:00,27.72
2025-05-31 21:00:00+00:00,29.01033
2025-05-31 22:00:00+00:00,35.36139
2025-05-31 23:00:00+00:00,41.3977
2025-06-01 00:00:00+00:00,46.08654
2025-06-01 01:00:00+00:00,52.42335
2025-06-01 02:00:00+00:00,63.05035
2025-06-01 03:00:00+00:00,57.86327
2025-06-01 04:00:00+00:00,49.98335
2025-06-01 05:00:00+00:00,44.2865
2025-06-01 06:00:00+00:00,40.7282
2025-06-01 07:00:00+00:00,34.10791
2025-06-01 08:00:00+00:00,33.76879
2025-06-01 09:00:00+00:00,33.3276
2025-06-01 10:00:00+00:00,33.39201
2025-06-01 11:00:00+00:00,31.5423
2025-06-01 12:00:00+00:00,30.45876
2025-06-01 13:00:00+00:00,30.41749
2025-06-01 14:00:00+00:00,27.59262
2025-06-01 15:00:00+00:00,27.21581
2025-06-01 16:00:00+00:00,28.35986
2025-06-01 17:00:00+00:00,24.71768
2025-06-01 18:00:00+00:00,24.13912
2025-06-01 19:00:00+00:00,25.95987
2025-06-01 20:00:00+00:00,26.06796
2025-06-01 21:00:00+00:00,26.31521
2025-06-01 22:00:00+00:00,29.82983
2025-06-01 23:00:00+00:00,32.32084
2025-06-02 00:00:00+00:00,37.86336
2025-06-02 01:00:00+00:00,44.38042
2025-06-02 02:00:00+00:00,44.83121
2025-06-02 03:00:00+00:00,44.29157
2025-06-02 04:00:00+00:00,42.75434
2025-06-02 05:00:00+00:00,39.78918
2025-06-02 06:00:00+00:00,38.47407
